date,temperature_2m,surface_pressure,precipitation,wind_speed_10m,temp_lower,temp_upper,wind_lower,wind_upper,press_lower,press_upper,if_score,is_if_anomaly,lstm_error,is_lstm_anomaly,if_threshold,lstm_threshold,anomaly_label,reconstruction_error_summary,reconstruction_error_plot,TreeSHAP_natural_language_summary,local_contribution_plot_path
2025-05-31 17:00:00,23,1011.4,0,24.1,10,26.25,4.1,27.1,1000.160075,1028.983814,0.1626693314,0,0.6808349134,1,0.03304385849,0.6425,Pattern anomaly,"Sample Anomaly Label: Pattern anomaly

The model's baseline normality score is **12.70**. For this event, the score is **10.91**. This suggests it's **more unusual than normal** üö®.

**Why did it happen?** ü§î
Here's how features influenced the normality score:
- Features that increased the normality score (made it seem more normal) :

  ‚Ä¢ **precip_z_12h** = 0.00 (contribution: +0.48)
  ‚Ä¢ **precip_z_24h** = 0.00 (contribution: +0.42)
  ‚Ä¢ **surface_pressure_z** = -0.44 (contribution: +0.30)

- Features that decreased the normality score (made it seem more anomalous) :

  ‚Ä¢ **wind_r** = 1.73 (contribution: -1.92)
  ‚Ä¢ **temperature_2m_z** = 1.98 (contribution: -1.07)

**What should we do?** ‚úÖ Review variables that decreased the normality score. Validate against known events or investigate further if unexpected.",/content/drive/MyDrive/Data Science Group Project/XAI outputs for dashboard/SHAP_plots/shap_plot_20250531_170000.png,"üîç **Anomaly Severity**: Unusual behavior (pattern-level issue)

‚ö†Ô∏è The model flagged this sample as **anomalous** based on unusual reconstruction behavior.

üìå **What this means:**
This time window exhibited deviations from typical weather patterns, which may indicate unexpected events or data irregularities.

üõ†Ô∏è **Recommended action:** Consider reviewing operational context (e.g., weather warnings, sudden shifts in conditions) for this period.",/content/drive/MyDrive/Data Science Group Project/XAI outputs for dashboard/REA_plots/rea_plot_20250531_170000.png
2025-05-31 18:00:00,21.9,1011.2,0,24.8,10,26.25,4.1,27.1,1000.160075,1028.983814,0.1691932073,0,0.6443278948,1,0.03304385849,0.6425,Pattern anomaly,"Sample Anomaly Label: Pattern anomaly

The model's baseline normality score is **12.70**. For this event, the score is **11.11**. This suggests it's **more unusual than normal** üö®.

**Why did it happen?** ü§î
Here's how features influenced the normality score:
- Features that increased the normality score (made it seem more normal) :

  ‚Ä¢ **precip_z_12h** = 0.00 (contribution: +0.48)
  ‚Ä¢ **precip_z_24h** = 0.00 (contribution: +0.46)
  ‚Ä¢ **surface_pressure_z** = -0.47 (contribution: +0.32)

- Features that decreased the normality score (made it seem more anomalous) :

  ‚Ä¢ **wind_r** = 1.77 (contribution: -2.02)
  ‚Ä¢ **temperature_2m_z** = 1.75 (contribution: -0.82)

**What should we do?** ‚úÖ Review variables that decreased the normality score. Validate against known events or investigate further if unexpected.",/content/drive/MyDrive/Data Science Group Project/XAI outputs for dashboard/SHAP_plots/shap_plot_20250531_180000.png,"üîç **Anomaly Severity**: Unusual behavior (pattern-level issue)

‚ö†Ô∏è The model flagged this sample as **anomalous** based on unusual reconstruction behavior.

üìå **What this means:**
This time window exhibited deviations from typical weather patterns, which may indicate unexpected events or data irregularities.

üõ†Ô∏è **Recommended action:** Consider reviewing operational context (e.g., weather warnings, sudden shifts in conditions) for this period.",/content/drive/MyDrive/Data Science Group Project/XAI outputs for dashboard/REA_plots/rea_plot_20250531_180000.png
2025-05-31 19:00:00,21.1,1010.8,0,25.2,10,26.25,4.1,27.1,1000.160075,1028.983814,0.1673938821,0,0.6689630067,1,0.03304385849,0.6425,Pattern anomaly,"Sample Anomaly Label: Pattern anomaly

The model's baseline normality score is **12.70**. For this event, the score is **11.05**. This suggests it's **more unusual than normal** üö®.

**Why did it happen?** ü§î
Here's how features influenced the normality score:
- Features that increased the normality score (made it seem more normal) :

  ‚Ä¢ **precip_z_12h** = 0.00 (contribution: +0.48)
  ‚Ä¢ **precip_z_24h** = 0.00 (contribution: +0.48)
  ‚Ä¢ **surface_pressure_z** = -0.52 (contribution: +0.25)

- Features that decreased the normality score (made it seem more anomalous) :

  ‚Ä¢ **wind_r** = 1.80 (contribution: -2.19)
  ‚Ä¢ **temperature_2m_z** = 1.58 (contribution: -0.65)

**What should we do?** ‚úÖ Review variables that decreased the normality score. Validate against known events or investigate further if unexpected.",/content/drive/MyDrive/Data Science Group Project/XAI outputs for dashboard/SHAP_plots/shap_plot_20250531_190000.png,"üîç **Anomaly Severity**: Unusual behavior (pattern-level issue)

‚ö†Ô∏è The model flagged this sample as **anomalous** based on unusual reconstruction behavior.

üìå **What this means:**
This time window exhibited deviations from typical weather patterns, which may indicate unexpected events or data irregularities.

üõ†Ô∏è **Recommended action:** Consider reviewing operational context (e.g., weather warnings, sudden shifts in conditions) for this period.",/content/drive/MyDrive/Data Science Group Project/XAI outputs for dashboard/REA_plots/rea_plot_20250531_190000.png
2025-05-31 20:00:00,20.1,1010.9,0,15.8,10,26.25,4.1,27.1,1000.160075,1028.983814,0.2003753784,0,0.5071342084,0,0.03304385849,0.6425,Normal,"Sample Anomaly Label: Normal

The model's baseline normality score is **12.70**. For this event, the score is **12.12**. This suggests it's **more unusual than normal** üö®.

**Why did it happen?** ü§î
Here's how features influenced the normality score:
- Features that increased the normality score (made it seem more normal) :

  ‚Ä¢ **precip_z_12h** = 0.00 (contribution: +0.52)
  ‚Ä¢ **precip_z_24h** = 0.00 (contribution: +0.45)
  ‚Ä¢ **surface_pressure_z** = -0.51 (contribution: +0.32)

- Features that decreased the normality score (made it seem more anomalous) :

  ‚Ä¢ **wind_r** = 1.45 (contribution: -1.38)
  ‚Ä¢ **temperature_2m_z** = 1.37 (contribution: -0.48)

**What should we do?** ‚úÖ Review variables that decreased the normality score. Validate against known events or investigate further if unexpected.",/content/drive/MyDrive/Data Science Group Project/XAI outputs for dashboard/SHAP_plots/shap_plot_20250531_200000.png,"üîç **Anomaly Severity**: No concern

‚úÖ No anomalies were detected in this sample. Model predictions were consistent with expected weather patterns.
No action is required for this time window.",/content/drive/MyDrive/Data Science Group Project/XAI outputs for dashboard/REA_plots/rea_plot_20250531_200000.png
2025-05-31 21:00:00,18.7,1011.7,0,18.4,10,26.25,4.1,27.1,1000.160075,1028.983814,0.2346454906,0,0.5083974148,0,0.03304385849,0.6425,Normal,"Sample Anomaly Label: Normal

The model's baseline normality score is **12.70**. For this event, the score is **13.32**. This suggests it's **more normal** ‚ú®.

**Why did it happen?** ü§î
Here's how features influenced the normality score:
- Features that increased the normality score (made it seem more normal) :

  ‚Ä¢ **precip_z_12h** = 0.00 (contribution: +0.55)
  ‚Ä¢ **precip_z_24h** = 0.00 (contribution: +0.47)
  ‚Ä¢ **surface_pressure_z** = -0.40 (contribution: +0.41)

- Features that decreased the normality score (made it seem more anomalous) :

  ‚Ä¢ **wind_r** = 1.17 (contribution: -0.88)

**What should we do?** ‚úÖ Review variables that decreased the normality score. Validate against known events or investigate further if unexpected.",/content/drive/MyDrive/Data Science Group Project/XAI outputs for dashboard/SHAP_plots/shap_plot_20250531_210000.png,"üîç **Anomaly Severity**: No concern

‚úÖ No anomalies were detected in this sample. Model predictions were consistent with expected weather patterns.
No action is required for this time window.",/content/drive/MyDrive/Data Science Group Project/XAI outputs for dashboard/REA_plots/rea_plot_20250531_210000.png
2025-05-31 22:00:00,17.9,1011.9,0,14,10,26.25,4.1,27.1,1000.160075,1028.983814,0.2654582561,0,0.4075801516,0,0.03304385849,0.6425,Normal,"Sample Anomaly Label: Normal

The model's baseline normality score is **12.70**. For this event, the score is **14.49**. This suggests it's **more normal** ‚ú®.

**Why did it happen?** ü§î
Here's how features influenced the normality score:
- Features that increased the normality score (made it seem more normal) :

  ‚Ä¢ **precip_z_12h** = 0.00 (contribution: +0.58)
  ‚Ä¢ **precip_z_24h** = 0.00 (contribution: +0.50)
  ‚Ä¢ **surface_pressure_z** = -0.37 (contribution: +0.40)

- No features decreased the normality score.

**What should we do?** ‚úÖ Review variables that decreased the normality score. Validate against known events or investigate further if unexpected.",/content/drive/MyDrive/Data Science Group Project/XAI outputs for dashboard/SHAP_plots/shap_plot_20250531_220000.png,"üîç **Anomaly Severity**: No concern

‚úÖ No anomalies were detected in this sample. Model predictions were consistent with expected weather patterns.
No action is required for this time window.",/content/drive/MyDrive/Data Science Group Project/XAI outputs for dashboard/REA_plots/rea_plot_20250531_220000.png
2025-05-31 23:00:00,16.8,1012.1,0,18.4,10,26.25,4.1,27.1,1000.160075,1028.983814,0.2668567481,0,0.4340598423,0,0.03304385849,0.6425,Normal,"Sample Anomaly Label: Normal

The model's baseline normality score is **12.70**. For this event, the score is **14.54**. This suggests it's **more normal** ‚ú®.

**Why did it happen?** ü§î
Here's how features influenced the normality score:
- Features that increased the normality score (made it seem more normal) :

  ‚Ä¢ **precip_z_12h** = 0.00 (contribution: +0.56)
  ‚Ä¢ **precip_z_24h** = 0.00 (contribution: +0.49)
  ‚Ä¢ **surface_pressure_z** = -0.34 (contribution: +0.40)

- Features that decreased the normality score (made it seem more anomalous) :

  ‚Ä¢ **wind_r** = 0.80 (contribution: -0.01)

**What should we do?** ‚úÖ Review variables that decreased the normality score. Validate against known events or investigate further if unexpected.",/content/drive/MyDrive/Data Science Group Project/XAI outputs for dashboard/SHAP_plots/shap_plot_20250531_230000.png,"üîç **Anomaly Severity**: No concern

‚úÖ No anomalies were detected in this sample. Model predictions were consistent with expected weather patterns.
No action is required for this time window.",/content/drive/MyDrive/Data Science Group Project/XAI outputs for dashboard/REA_plots/rea_plot_20250531_230000.png
2025-06-01 00:00:00,15.8,1012.3,0,14.8,10,26.25,4.1,27.1,1000.160075,1028.983814,0.2690053977,0,0.3420143707,0,0.03304385849,0.6425,Normal,"Sample Anomaly Label: Normal

The model's baseline normality score is **12.70**. For this event, the score is **14.63**. This suggests it's **more normal** ‚ú®.

**Why did it happen?** ü§î
Here's how features influenced the normality score:
- Features that increased the normality score (made it seem more normal) :

  ‚Ä¢ **precip_z_12h** = 0.00 (contribution: +0.55)
  ‚Ä¢ **precip_z_24h** = 0.00 (contribution: +0.47)
  ‚Ä¢ **temperature_2m_z** = 0.46 (contribution: +0.37)

- No features decreased the normality score.

**What should we do?** ‚úÖ Review variables that decreased the normality score. Validate against known events or investigate further if unexpected.",/content/drive/MyDrive/Data Science Group Project/XAI outputs for dashboard/SHAP_plots/shap_plot_20250601_000000.png,"üîç **Anomaly Severity**: No concern

‚úÖ No anomalies were detected in this sample. Model predictions were consistent with expected weather patterns.
No action is required for this time window.",/content/drive/MyDrive/Data Science Group Project/XAI outputs for dashboard/REA_plots/rea_plot_20250601_000000.png
2025-06-01 01:00:00,15,1012,0,8.6,10,26.25,4.1,27.1,1000.160075,1028.983814,0.2760191671,0,0.376684279,0,0.03304385849,0.6425,Normal,"Sample Anomaly Label: Normal

The model's baseline normality score is **12.70**. For this event, the score is **14.91**. This suggests it's **more normal** ‚ú®.

**Why did it happen?** ü§î
Here's how features influenced the normality score:
- Features that increased the normality score (made it seem more normal) :

  ‚Ä¢ **precip_z_12h** = 0.00 (contribution: +0.56)
  ‚Ä¢ **precip_z_24h** = 0.00 (contribution: +0.50)
  ‚Ä¢ **temperature_2m_z** = 0.29 (contribution: +0.43)

- No features decreased the normality score.

**What should we do?** ‚úÖ Review variables that decreased the normality score. Validate against known events or investigate further if unexpected.",/content/drive/MyDrive/Data Science Group Project/XAI outputs for dashboard/SHAP_plots/shap_plot_20250601_010000.png,"üîç **Anomaly Severity**: No concern

‚úÖ No anomalies were detected in this sample. Model predictions were consistent with expected weather patterns.
No action is required for this time window.",/content/drive/MyDrive/Data Science Group Project/XAI outputs for dashboard/REA_plots/rea_plot_20250601_010000.png
2025-06-01 02:00:00,14.7,1011.7,0,13.3,10,26.25,4.1,27.1,1000.160075,1028.983814,0.2752336633,0,0.3528383851,0,0.03304385849,0.6425,Normal,"Sample Anomaly Label: Normal

The model's baseline normality score is **12.70**. For this event, the score is **14.88**. This suggests it's **more normal** ‚ú®.

**Why did it happen?** ü§î
Here's how features influenced the normality score:
- Features that increased the normality score (made it seem more normal) :

  ‚Ä¢ **precip_z_12h** = 0.00 (contribution: +0.57)
  ‚Ä¢ **precip_z_24h** = 0.00 (contribution: +0.50)
  ‚Ä¢ **temperature_2m_z** = 0.22 (contribution: +0.43)

- No features decreased the normality score.

**What should we do?** ‚úÖ Review variables that decreased the normality score. Validate against known events or investigate further if unexpected.",/content/drive/MyDrive/Data Science Group Project/XAI outputs for dashboard/SHAP_plots/shap_plot_20250601_020000.png,"üîç **Anomaly Severity**: No concern

‚úÖ No anomalies were detected in this sample. Model predictions were consistent with expected weather patterns.
No action is required for this time window.",/content/drive/MyDrive/Data Science Group Project/XAI outputs for dashboard/REA_plots/rea_plot_20250601_020000.png
2025-06-01 03:00:00,14.8,1011.5,0,15.5,10,26.25,4.1,27.1,1000.160075,1028.983814,0.2763114388,0,0.3965732058,0,0.03304385849,0.6425,Normal,"Sample Anomaly Label: Normal

The model's baseline normality score is **12.70**. For this event, the score is **14.92**. This suggests it's **more normal** ‚ú®.

**Why did it happen?** ü§î
Here's how features influenced the normality score:
- Features that increased the normality score (made it seem more normal) :

  ‚Ä¢ **precip_z_12h** = 0.00 (contribution: +0.57)
  ‚Ä¢ **precip_z_24h** = 0.00 (contribution: +0.50)
  ‚Ä¢ **temperature_2m_z** = 0.25 (contribution: +0.43)

- No features decreased the normality score.

**What should we do?** ‚úÖ Review variables that decreased the normality score. Validate against known events or investigate further if unexpected.",/content/drive/MyDrive/Data Science Group Project/XAI outputs for dashboard/SHAP_plots/shap_plot_20250601_030000.png,"üîç **Anomaly Severity**: No concern

‚úÖ No anomalies were detected in this sample. Model predictions were consistent with expected weather patterns.
No action is required for this time window.",/content/drive/MyDrive/Data Science Group Project/XAI outputs for dashboard/REA_plots/rea_plot_20250601_030000.png
2025-06-01 04:00:00,14.4,1011.5,0,17.6,10,26.25,4.1,27.1,1000.160075,1028.983814,0.2718681018,0,0.4313264369,0,0.03304385849,0.6425,Normal,"Sample Anomaly Label: Normal

The model's baseline normality score is **12.70**. For this event, the score is **14.74**. This suggests it's **more normal** ‚ú®.

**Why did it happen?** ü§î
Here's how features influenced the normality score:
- Features that increased the normality score (made it seem more normal) :

  ‚Ä¢ **precip_z_12h** = 0.00 (contribution: +0.56)
  ‚Ä¢ **precip_z_24h** = 0.00 (contribution: +0.48)
  ‚Ä¢ **temperature_2m_z** = 0.16 (contribution: +0.48)

- No features decreased the normality score.

**What should we do?** ‚úÖ Review variables that decreased the normality score. Validate against known events or investigate further if unexpected.",/content/drive/MyDrive/Data Science Group Project/XAI outputs for dashboard/SHAP_plots/shap_plot_20250601_040000.png,"üîç **Anomaly Severity**: No concern

‚úÖ No anomalies were detected in this sample. Model predictions were consistent with expected weather patterns.
No action is required for this time window.",/content/drive/MyDrive/Data Science Group Project/XAI outputs for dashboard/REA_plots/rea_plot_20250601_040000.png
2025-06-01 05:00:00,13.1,1011.7,0,13.7,10,26.25,4.1,27.1,1000.160075,1028.983814,0.2730663757,0,0.3714089226,0,0.03304385849,0.6425,Normal,"Sample Anomaly Label: Normal

The model's baseline normality score is **12.70**. For this event, the score is **14.79**. This suggests it's **more normal** ‚ú®.

**Why did it happen?** ü§î
Here's how features influenced the normality score:
- Features that increased the normality score (made it seem more normal) :

  ‚Ä¢ **precip_z_12h** = 0.00 (contribution: +0.57)
  ‚Ä¢ **temperature_2m_z** = -0.11 (contribution: +0.54)
  ‚Ä¢ **precip_z_24h** = 0.00 (contribution: +0.48)

- No features decreased the normality score.

**What should we do?** ‚úÖ Review variables that decreased the normality score. Validate against known events or investigate further if unexpected.",/content/drive/MyDrive/Data Science Group Project/XAI outputs for dashboard/SHAP_plots/shap_plot_20250601_050000.png,"üîç **Anomaly Severity**: No concern

‚úÖ No anomalies were detected in this sample. Model predictions were consistent with expected weather patterns.
No action is required for this time window.",/content/drive/MyDrive/Data Science Group Project/XAI outputs for dashboard/REA_plots/rea_plot_20250601_050000.png
2025-06-01 06:00:00,12.9,1011.9,0,14.8,10,26.25,4.1,27.1,1000.160075,1028.983814,0.2724780364,0,0.3606092221,0,0.03304385849,0.6425,Normal,"Sample Anomaly Label: Normal

The model's baseline normality score is **12.70**. For this event, the score is **14.76**. This suggests it's **more normal** ‚ú®.

**Why did it happen?** ü§î
Here's how features influenced the normality score:
- Features that increased the normality score (made it seem more normal) :

  ‚Ä¢ **precip_z_12h** = 0.00 (contribution: +0.56)
  ‚Ä¢ **temperature_2m_z** = -0.16 (contribution: +0.49)
  ‚Ä¢ **precip_z_24h** = 0.00 (contribution: +0.48)

- No features decreased the normality score.

**What should we do?** ‚úÖ Review variables that decreased the normality score. Validate against known events or investigate further if unexpected.",/content/drive/MyDrive/Data Science Group Project/XAI outputs for dashboard/SHAP_plots/shap_plot_20250601_060000.png,"üîç **Anomaly Severity**: No concern

‚úÖ No anomalies were detected in this sample. Model predictions were consistent with expected weather patterns.
No action is required for this time window.",/content/drive/MyDrive/Data Science Group Project/XAI outputs for dashboard/REA_plots/rea_plot_20250601_060000.png
2025-06-01 07:00:00,13.4,1012.1,0,16.6,10,26.25,4.1,27.1,1000.160075,1028.983814,0.2738758599,0,0.4014874438,0,0.03304385849,0.6425,Normal,"Sample Anomaly Label: Normal

The model's baseline normality score is **12.70**. For this event, the score is **14.82**. This suggests it's **more normal** ‚ú®.

**Why did it happen?** ü§î
Here's how features influenced the normality score:
- Features that increased the normality score (made it seem more normal) :

  ‚Ä¢ **precip_z_12h** = 0.00 (contribution: +0.55)
  ‚Ä¢ **temperature_2m_z** = -0.05 (contribution: +0.54)
  ‚Ä¢ **precip_z_24h** = 0.00 (contribution: +0.49)

- No features decreased the normality score.

**What should we do?** ‚úÖ Review variables that decreased the normality score. Validate against known events or investigate further if unexpected.",/content/drive/MyDrive/Data Science Group Project/XAI outputs for dashboard/SHAP_plots/shap_plot_20250601_070000.png,"üîç **Anomaly Severity**: No concern

‚úÖ No anomalies were detected in this sample. Model predictions were consistent with expected weather patterns.
No action is required for this time window.",/content/drive/MyDrive/Data Science Group Project/XAI outputs for dashboard/REA_plots/rea_plot_20250601_070000.png
2025-06-01 08:00:00,14.5,1012.3,0,19.1,10,26.25,4.1,27.1,1000.160075,1028.983814,0.2692884473,0,0.4304446897,0,0.03304385849,0.6425,Normal,"Sample Anomaly Label: Normal

The model's baseline normality score is **12.70**. For this event, the score is **14.64**. This suggests it's **more normal** ‚ú®.

**Why did it happen?** ü§î
Here's how features influenced the normality score:
- Features that increased the normality score (made it seem more normal) :

  ‚Ä¢ **precip_z_12h** = 0.00 (contribution: +0.55)
  ‚Ä¢ **temperature_2m_z** = 0.18 (contribution: +0.50)
  ‚Ä¢ **precip_z_24h** = 0.00 (contribution: +0.49)

- No features decreased the normality score.

**What should we do?** ‚úÖ Review variables that decreased the normality score. Validate against known events or investigate further if unexpected.",/content/drive/MyDrive/Data Science Group Project/XAI outputs for dashboard/SHAP_plots/shap_plot_20250601_080000.png,"üîç **Anomaly Severity**: No concern

‚úÖ No anomalies were detected in this sample. Model predictions were consistent with expected weather patterns.
No action is required for this time window.",/content/drive/MyDrive/Data Science Group Project/XAI outputs for dashboard/REA_plots/rea_plot_20250601_080000.png
2025-06-01 09:00:00,15.6,1012.1,0,16.9,10,26.25,4.1,27.1,1000.160075,1028.983814,0.2578094337,0,0.4134285196,0,0.03304385849,0.6425,Normal,"Sample Anomaly Label: Normal

The model's baseline normality score is **12.70**. For this event, the score is **14.19**. This suggests it's **more normal** ‚ú®.

**Why did it happen?** ü§î
Here's how features influenced the normality score:
- Features that increased the normality score (made it seem more normal) :

  ‚Ä¢ **precip_z_12h** = 0.00 (contribution: +0.54)
  ‚Ä¢ **precip_z_24h** = 0.00 (contribution: +0.48)
  ‚Ä¢ **surface_pressure_z** = -0.34 (contribution: +0.43)

- Features that decreased the normality score (made it seem more anomalous) :

  ‚Ä¢ **wind_r** = 0.88 (contribution: -0.26)

**What should we do?** ‚úÖ Review variables that decreased the normality score. Validate against known events or investigate further if unexpected.",/content/drive/MyDrive/Data Science Group Project/XAI outputs for dashboard/SHAP_plots/shap_plot_20250601_090000.png,"üîç **Anomaly Severity**: No concern

‚úÖ No anomalies were detected in this sample. Model predictions were consistent with expected weather patterns.
No action is required for this time window.",/content/drive/MyDrive/Data Science Group Project/XAI outputs for dashboard/REA_plots/rea_plot_20250601_090000.png
2025-06-01 10:00:00,16.6,1012,0,18.4,10,26.25,4.1,27.1,1000.160075,1028.983814,0.2526715133,0,0.4539214815,0,0.03304385849,0.6425,Normal,"Sample Anomaly Label: Normal

The model's baseline normality score is **12.70**. For this event, the score is **13.99**. This suggests it's **more normal** ‚ú®.

**Why did it happen?** ü§î
Here's how features influenced the normality score:
- Features that increased the normality score (made it seem more normal) :

  ‚Ä¢ **precip_z_12h** = 0.00 (contribution: +0.53)
  ‚Ä¢ **precip_z_24h** = 0.00 (contribution: +0.47)
  ‚Ä¢ **surface_pressure_z** = -0.36 (contribution: +0.42)

- Features that decreased the normality score (made it seem more anomalous) :

  ‚Ä¢ **wind_r** = 0.96 (contribution: -0.49)

**What should we do?** ‚úÖ Review variables that decreased the normality score. Validate against known events or investigate further if unexpected.",/content/drive/MyDrive/Data Science Group Project/XAI outputs for dashboard/SHAP_plots/shap_plot_20250601_100000.png,"üîç **Anomaly Severity**: No concern

‚úÖ No anomalies were detected in this sample. Model predictions were consistent with expected weather patterns.
No action is required for this time window.",/content/drive/MyDrive/Data Science Group Project/XAI outputs for dashboard/REA_plots/rea_plot_20250601_100000.png
2025-06-01 11:00:00,18.4,1011.7,0,22.3,10,26.25,4.1,27.1,1000.160075,1028.983814,0.2336591118,0,0.5438579192,0,0.03304385849,0.6425,Normal,"Sample Anomaly Label: Normal

The model's baseline normality score is **12.70**. For this event, the score is **13.28**. This suggests it's **more normal** ‚ú®.

**Why did it happen?** ü§î
Here's how features influenced the normality score:
- Features that increased the normality score (made it seem more normal) :

  ‚Ä¢ **precip_z_12h** = 0.00 (contribution: +0.52)
  ‚Ä¢ **precip_z_24h** = 0.00 (contribution: +0.46)
  ‚Ä¢ **surface_pressure_z** = -0.40 (contribution: +0.38)

- Features that decreased the normality score (made it seem more anomalous) :

  ‚Ä¢ **wind_r** = 1.10 (contribution: -0.86)

**What should we do?** ‚úÖ Review variables that decreased the normality score. Validate against known events or investigate further if unexpected.",/content/drive/MyDrive/Data Science Group Project/XAI outputs for dashboard/SHAP_plots/shap_plot_20250601_110000.png,"üîç **Anomaly Severity**: No concern

‚úÖ No anomalies were detected in this sample. Model predictions were consistent with expected weather patterns.
No action is required for this time window.",/content/drive/MyDrive/Data Science Group Project/XAI outputs for dashboard/REA_plots/rea_plot_20250601_110000.png
2025-06-01 12:00:00,19.5,1011.4,0,21.2,10,26.25,4.1,27.1,1000.160075,1028.983814,0.2179586275,0,0.5256627199,0,0.03304385849,0.6425,Normal,"Sample Anomaly Label: Normal

The model's baseline normality score is **12.70**. For this event, the score is **12.72**. This suggests it's **more normal** ‚ú®.

**Why did it happen?** ü§î
Here's how features influenced the normality score:
- Features that increased the normality score (made it seem more normal) :

  ‚Ä¢ **precip_z_12h** = 0.00 (contribution: +0.54)
  ‚Ä¢ **precip_z_24h** = 0.00 (contribution: +0.46)
  ‚Ä¢ **surface_pressure_z** = -0.44 (contribution: +0.38)

- Features that decreased the normality score (made it seem more anomalous) :

  ‚Ä¢ **wind_r** = 1.28 (contribution: -1.16)
  ‚Ä¢ **temperature_2m_z** = 1.24 (contribution: -0.18)

**What should we do?** ‚úÖ Review variables that decreased the normality score. Validate against known events or investigate further if unexpected.",/content/drive/MyDrive/Data Science Group Project/XAI outputs for dashboard/SHAP_plots/shap_plot_20250601_120000.png,"üîç **Anomaly Severity**: No concern

‚úÖ No anomalies were detected in this sample. Model predictions were consistent with expected weather patterns.
No action is required for this time window.",/content/drive/MyDrive/Data Science Group Project/XAI outputs for dashboard/REA_plots/rea_plot_20250601_120000.png
2025-06-01 13:00:00,20.1,1010.9,0,24.1,10,26.25,4.1,27.1,1000.160075,1028.983814,0.2012682956,0,0.6217662813,0,0.03304385849,0.6425,Normal,"Sample Anomaly Label: Normal

The model's baseline normality score is **12.70**. For this event, the score is **12.15**. This suggests it's **more unusual than normal** üö®.

**Why did it happen?** ü§î
Here's how features influenced the normality score:
- Features that increased the normality score (made it seem more normal) :

  ‚Ä¢ **precip_z_12h** = 0.00 (contribution: +0.52)
  ‚Ä¢ **precip_z_24h** = 0.00 (contribution: +0.45)
  ‚Ä¢ **surface_pressure_z** = -0.51 (contribution: +0.33)

- Features that decreased the normality score (made it seem more anomalous) :

  ‚Ä¢ **wind_r** = 1.53 (contribution: -1.44)
  ‚Ä¢ **temperature_2m_z** = 1.37 (contribution: -0.40)

**What should we do?** ‚úÖ Review variables that decreased the normality score. Validate against known events or investigate further if unexpected.",/content/drive/MyDrive/Data Science Group Project/XAI outputs for dashboard/SHAP_plots/shap_plot_20250601_130000.png,"üîç **Anomaly Severity**: No concern

‚úÖ No anomalies were detected in this sample. Model predictions were consistent with expected weather patterns.
No action is required for this time window.",/content/drive/MyDrive/Data Science Group Project/XAI outputs for dashboard/REA_plots/rea_plot_20250601_130000.png
2025-06-01 14:00:00,20,1010.7,0,21.2,10,26.25,4.1,27.1,1000.160075,1028.983814,0.2003035276,0,0.5915006024,0,0.03304385849,0.6425,Normal,"Sample Anomaly Label: Normal

The model's baseline normality score is **12.70**. For this event, the score is **12.12**. This suggests it's **more unusual than normal** üö®.

**Why did it happen?** ü§î
Here's how features influenced the normality score:
- Features that increased the normality score (made it seem more normal) :

  ‚Ä¢ **precip_z_12h** = 0.00 (contribution: +0.51)
  ‚Ä¢ **precip_z_24h** = 0.00 (contribution: +0.45)
  ‚Ä¢ **surface_pressure_z** = -0.54 (contribution: +0.29)

- Features that decreased the normality score (made it seem more anomalous) :

  ‚Ä¢ **wind_r** = 1.48 (contribution: -1.40)
  ‚Ä¢ **temperature_2m_z** = 1.35 (contribution: -0.43)

**What should we do?** ‚úÖ Review variables that decreased the normality score. Validate against known events or investigate further if unexpected.",/content/drive/MyDrive/Data Science Group Project/XAI outputs for dashboard/SHAP_plots/shap_plot_20250601_140000.png,"üîç **Anomaly Severity**: No concern

‚úÖ No anomalies were detected in this sample. Model predictions were consistent with expected weather patterns.
No action is required for this time window.",/content/drive/MyDrive/Data Science Group Project/XAI outputs for dashboard/REA_plots/rea_plot_20250601_140000.png
2025-06-01 15:00:00,20,1010.4,0,25.6,10,26.25,4.1,27.1,1000.160075,1028.983814,0.1872530439,0,0.6739453969,1,0.03304385849,0.6425,Pattern anomaly,"Sample Anomaly Label: Pattern anomaly

The model's baseline normality score is **12.70**. For this event, the score is **11.69**. This suggests it's **more unusual than normal** üö®.

**Why did it happen?** ü§î
Here's how features influenced the normality score:
- Features that increased the normality score (made it seem more normal) :

  ‚Ä¢ **precip_z_12h** = 0.00 (contribution: +0.49)
  ‚Ä¢ **precip_z_24h** = 0.00 (contribution: +0.45)
  ‚Ä¢ **surface_pressure_z** = -0.58 (contribution: +0.23)

- Features that decreased the normality score (made it seem more anomalous) :

  ‚Ä¢ **wind_r** = 1.67 (contribution: -1.79)
  ‚Ä¢ **temperature_2m_z** = 1.35 (contribution: -0.39)

**What should we do?** ‚úÖ Review variables that decreased the normality score. Validate against known events or investigate further if unexpected.",/content/drive/MyDrive/Data Science Group Project/XAI outputs for dashboard/SHAP_plots/shap_plot_20250601_150000.png,"üîç **Anomaly Severity**: Unusual behavior (pattern-level issue)

‚ö†Ô∏è The model flagged this sample as **anomalous** based on unusual reconstruction behavior.

üìå **What this means:**
This time window exhibited deviations from typical weather patterns, which may indicate unexpected events or data irregularities.

üõ†Ô∏è **Recommended action:** Consider reviewing operational context (e.g., weather warnings, sudden shifts in conditions) for this period.",/content/drive/MyDrive/Data Science Group Project/XAI outputs for dashboard/REA_plots/rea_plot_20250601_150000.png
2025-06-01 16:00:00,19.4,1010.2,0,28.4,10,26.25,4.1,27.1,1000.160075,1028.983814,0.1811830779,0,0.7028679856,1,0.03304385849,0.6425,Pattern anomaly,"Sample Anomaly Label: Pattern anomaly

The model's baseline normality score is **12.70**. For this event, the score is **11.49**. This suggests it's **more unusual than normal** üö®.

**Why did it happen?** ü§î
Here's how features influenced the normality score:
- Features that increased the normality score (made it seem more normal) :

  ‚Ä¢ **precip_z_12h** = 0.00 (contribution: +0.50)
  ‚Ä¢ **precip_z_24h** = 0.00 (contribution: +0.48)
  ‚Ä¢ **surface_pressure_z** = -0.61 (contribution: +0.20)

- Features that decreased the normality score (made it seem more anomalous) :

  ‚Ä¢ **wind_r** = 1.85 (contribution: -2.29)
  ‚Ä¢ **temperature_2m_z** = 1.22 (contribution: -0.09)

**What should we do?** ‚úÖ Review variables that decreased the normality score. Validate against known events or investigate further if unexpected.",/content/drive/MyDrive/Data Science Group Project/XAI outputs for dashboard/SHAP_plots/shap_plot_20250601_160000.png,"üîç **Anomaly Severity**: Unusual behavior (pattern-level issue)

‚ö†Ô∏è The model flagged this sample as **anomalous** based on unusual reconstruction behavior.

üìå **What this means:**
This time window exhibited deviations from typical weather patterns, which may indicate unexpected events or data irregularities.

üõ†Ô∏è **Recommended action:** Consider reviewing operational context (e.g., weather warnings, sudden shifts in conditions) for this period.",/content/drive/MyDrive/Data Science Group Project/XAI outputs for dashboard/REA_plots/rea_plot_20250601_160000.png
2025-06-01 17:00:00,17.9,1010.4,0,21.6,10,26.25,4.1,27.1,1000.160075,1028.983814,0.1846488725,0,0.5341257351,0,0.03304385849,0.6425,Normal,"Sample Anomaly Label: Normal

The model's baseline normality score is **12.70**. For this event, the score is **11.60**. This suggests it's **more unusual than normal** üö®.

**Why did it happen?** ü§î
Here's how features influenced the normality score:
- Features that increased the normality score (made it seem more normal) :

  ‚Ä¢ **precip_z_12h** = 0.00 (contribution: +0.50)
  ‚Ä¢ **precip_z_24h** = 0.00 (contribution: +0.48)
  ‚Ä¢ **surface_pressure_z** = -0.58 (contribution: +0.24)

- Features that decreased the normality score (made it seem more anomalous) :

  ‚Ä¢ **wind_r** = 1.87 (contribution: -2.40)

**What should we do?** ‚úÖ Review variables that decreased the normality score. Validate against known events or investigate further if unexpected.",/content/drive/MyDrive/Data Science Group Project/XAI outputs for dashboard/SHAP_plots/shap_plot_20250601_170000.png,"üîç **Anomaly Severity**: No concern

‚úÖ No anomalies were detected in this sample. Model predictions were consistent with expected weather patterns.
No action is required for this time window.",/content/drive/MyDrive/Data Science Group Project/XAI outputs for dashboard/REA_plots/rea_plot_20250601_170000.png
2025-06-01 18:00:00,18.2,1010,0,25.6,10,26.25,4.1,27.1,1000.160075,1028.983814,0.1827920677,0,0.5843809643,0,0.03304385849,0.6425,Normal,"Sample Anomaly Label: Normal

The model's baseline normality score is **12.70**. For this event, the score is **11.54**. This suggests it's **more unusual than normal** üö®.

**Why did it happen?** ü§î
Here's how features influenced the normality score:
- Features that increased the normality score (made it seem more normal) :

  ‚Ä¢ **precip_z_12h** = 0.00 (contribution: +0.49)
  ‚Ä¢ **precip_z_24h** = 0.00 (contribution: +0.46)
  ‚Ä¢ **surface_pressure_z** = -0.63 (contribution: +0.18)

- Features that decreased the normality score (made it seem more anomalous) :

  ‚Ä¢ **wind_r** = 1.87 (contribution: -2.37)

**What should we do?** ‚úÖ Review variables that decreased the normality score. Validate against known events or investigate further if unexpected.",/content/drive/MyDrive/Data Science Group Project/XAI outputs for dashboard/SHAP_plots/shap_plot_20250601_180000.png,"üîç **Anomaly Severity**: No concern

‚úÖ No anomalies were detected in this sample. Model predictions were consistent with expected weather patterns.
No action is required for this time window.",/content/drive/MyDrive/Data Science Group Project/XAI outputs for dashboard/REA_plots/rea_plot_20250601_180000.png
2025-06-01 19:00:00,17.8,1010,0,25.6,10,26.25,4.1,27.1,1000.160075,1028.983814,0.1898834629,0,0.6003007867,0,0.03304385849,0.6425,Normal,"Sample Anomaly Label: Normal

The model's baseline normality score is **12.70**. For this event, the score is **11.77**. This suggests it's **more unusual than normal** üö®.

**Why did it happen?** ü§î
Here's how features influenced the normality score:
- Features that increased the normality score (made it seem more normal) :

  ‚Ä¢ **precip_z_12h** = 0.00 (contribution: +0.49)
  ‚Ä¢ **precip_z_24h** = 0.00 (contribution: +0.45)
  ‚Ä¢ **surface_pressure_z** = -0.63 (contribution: +0.18)

- Features that decreased the normality score (made it seem more anomalous) :

  ‚Ä¢ **wind_r** = 1.75 (contribution: -2.16)

**What should we do?** ‚úÖ Review variables that decreased the normality score. Validate against known events or investigate further if unexpected.",/content/drive/MyDrive/Data Science Group Project/XAI outputs for dashboard/SHAP_plots/shap_plot_20250601_190000.png,"üîç **Anomaly Severity**: No concern

‚úÖ No anomalies were detected in this sample. Model predictions were consistent with expected weather patterns.
No action is required for this time window.",/content/drive/MyDrive/Data Science Group Project/XAI outputs for dashboard/REA_plots/rea_plot_20250601_190000.png
2025-06-01 20:00:00,16.9,1010.3,0,23,10,26.25,4.1,27.1,1000.160075,1028.983814,0.1918989427,0,0.5466012135,0,0.03304385849,0.6425,Normal,"Sample Anomaly Label: Normal

The model's baseline normality score is **12.70**. For this event, the score is **11.84**. This suggests it's **more unusual than normal** üö®.

**Why did it happen?** ü§î
Here's how features influenced the normality score:
- Features that increased the normality score (made it seem more normal) :

  ‚Ä¢ **precip_z_12h** = 0.00 (contribution: +0.48)
  ‚Ä¢ **precip_z_24h** = 0.00 (contribution: +0.47)
  ‚Ä¢ **temperature_2m_z** = 0.69 (contribution: +0.29)

- Features that decreased the normality score (made it seem more anomalous) :

  ‚Ä¢ **wind_r** = 1.81 (contribution: -2.29)

**What should we do?** ‚úÖ Review variables that decreased the normality score. Validate against known events or investigate further if unexpected.",/content/drive/MyDrive/Data Science Group Project/XAI outputs for dashboard/SHAP_plots/shap_plot_20250601_200000.png,"üîç **Anomaly Severity**: No concern

‚úÖ No anomalies were detected in this sample. Model predictions were consistent with expected weather patterns.
No action is required for this time window.",/content/drive/MyDrive/Data Science Group Project/XAI outputs for dashboard/REA_plots/rea_plot_20250601_200000.png
2025-06-01 21:00:00,15.8,1010.9,0,19.1,10,26.25,4.1,27.1,1000.160075,1028.983814,0.2231868469,0,0.4491328778,0,0.03304385849,0.6425,Normal,"Sample Anomaly Label: Normal

The model's baseline normality score is **12.70**. For this event, the score is **12.91**. This suggests it's **more normal** ‚ú®.

**Why did it happen?** ü§î
Here's how features influenced the normality score:
- Features that increased the normality score (made it seem more normal) :

  ‚Ä¢ **precip_z_12h** = 0.00 (contribution: +0.50)
  ‚Ä¢ **precip_z_24h** = 0.00 (contribution: +0.44)
  ‚Ä¢ **surface_pressure_z** = -0.51 (contribution: +0.38)

- Features that decreased the normality score (made it seem more anomalous) :

  ‚Ä¢ **wind_r** = 1.53 (contribution: -1.46)

**What should we do?** ‚úÖ Review variables that decreased the normality score. Validate against known events or investigate further if unexpected.",/content/drive/MyDrive/Data Science Group Project/XAI outputs for dashboard/SHAP_plots/shap_plot_20250601_210000.png,"üîç **Anomaly Severity**: No concern

‚úÖ No anomalies were detected in this sample. Model predictions were consistent with expected weather patterns.
No action is required for this time window.",/content/drive/MyDrive/Data Science Group Project/XAI outputs for dashboard/REA_plots/rea_plot_20250601_210000.png
2025-06-01 22:00:00,14.8,1011.5,0,16.6,10,26.25,4.1,27.1,1000.160075,1028.983814,0.2467357756,0,0.3666553002,0,0.03304385849,0.6425,Normal,"Sample Anomaly Label: Normal

The model's baseline normality score is **12.70**. For this event, the score is **13.77**. This suggests it's **more normal** ‚ú®.

**Why did it happen?** ü§î
Here's how features influenced the normality score:
- Features that increased the normality score (made it seem more normal) :

  ‚Ä¢ **precip_z_12h** = 0.00 (contribution: +0.49)
  ‚Ä¢ **temperature_2m_z** = 0.25 (contribution: +0.49)
  ‚Ä¢ **precip_z_24h** = 0.00 (contribution: +0.47)

- Features that decreased the normality score (made it seem more anomalous) :

  ‚Ä¢ **wind_r** = 1.14 (contribution: -0.75)

**What should we do?** ‚úÖ Review variables that decreased the normality score. Validate against known events or investigate further if unexpected.",/content/drive/MyDrive/Data Science Group Project/XAI outputs for dashboard/SHAP_plots/shap_plot_20250601_220000.png,"üîç **Anomaly Severity**: No concern

‚úÖ No anomalies were detected in this sample. Model predictions were consistent with expected weather patterns.
No action is required for this time window.",/content/drive/MyDrive/Data Science Group Project/XAI outputs for dashboard/REA_plots/rea_plot_20250601_220000.png
2025-06-01 23:00:00,14.2,1011.7,0,16.9,10,26.25,4.1,27.1,1000.160075,1028.983814,0.2621734197,0,0.3604857056,0,0.03304385849,0.6425,Normal,"Sample Anomaly Label: Normal

The model's baseline normality score is **12.70**. For this event, the score is **14.36**. This suggests it's **more normal** ‚ú®.

**Why did it happen?** ü§î
Here's how features influenced the normality score:
- Features that increased the normality score (made it seem more normal) :

  ‚Ä¢ **precip_z_12h** = 0.00 (contribution: +0.55)
  ‚Ä¢ **precip_z_24h** = 0.00 (contribution: +0.49)
  ‚Ä¢ **temperature_2m_z** = 0.12 (contribution: +0.47)

- Features that decreased the normality score (made it seem more anomalous) :

  ‚Ä¢ **wind_r** = 0.88 (contribution: -0.27)

**What should we do?** ‚úÖ Review variables that decreased the normality score. Validate against known events or investigate further if unexpected.",/content/drive/MyDrive/Data Science Group Project/XAI outputs for dashboard/SHAP_plots/shap_plot_20250601_230000.png,"üîç **Anomaly Severity**: No concern

‚úÖ No anomalies were detected in this sample. Model predictions were consistent with expected weather patterns.
No action is required for this time window.",/content/drive/MyDrive/Data Science Group Project/XAI outputs for dashboard/REA_plots/rea_plot_20250601_230000.png
2025-06-02 00:00:00,13.7,1012.1,0,15.8,10,26.25,4.1,27.1,1000.160075,1028.983814,0.2734444458,0,0.3164541028,0,0.03304385849,0.6425,Normal,"Sample Anomaly Label: Normal

The model's baseline normality score is **12.70**. For this event, the score is **14.80**. This suggests it's **more normal** ‚ú®.

**Why did it happen?** ü§î
Here's how features influenced the normality score:
- Features that increased the normality score (made it seem more normal) :

  ‚Ä¢ **temperature_2m_z** = 0.01 (contribution: +0.56)
  ‚Ä¢ **precip_z_12h** = 0.00 (contribution: +0.55)
  ‚Ä¢ **precip_z_24h** = 0.00 (contribution: +0.49)

- No features decreased the normality score.

**What should we do?** ‚úÖ Review variables that decreased the normality score. Validate against known events or investigate further if unexpected.",/content/drive/MyDrive/Data Science Group Project/XAI outputs for dashboard/SHAP_plots/shap_plot_20250602_000000.png,"üîç **Anomaly Severity**: No concern

‚úÖ No anomalies were detected in this sample. Model predictions were consistent with expected weather patterns.
No action is required for this time window.",/content/drive/MyDrive/Data Science Group Project/XAI outputs for dashboard/REA_plots/rea_plot_20250602_000000.png
2025-06-02 01:00:00,13.2,1012.3,0,14.8,10,26.25,4.1,27.1,1000.160075,1028.983814,0.2720232499,0,0.3337241899,0,0.03304385849,0.6425,Normal,"Sample Anomaly Label: Normal

The model's baseline normality score is **12.70**. For this event, the score is **14.75**. This suggests it's **more normal** ‚ú®.

**Why did it happen?** ü§î
Here's how features influenced the normality score:
- Features that increased the normality score (made it seem more normal) :

  ‚Ä¢ **precip_z_12h** = 0.00 (contribution: +0.55)
  ‚Ä¢ **temperature_2m_z** = -0.09 (contribution: +0.53)
  ‚Ä¢ **precip_z_24h** = 0.00 (contribution: +0.49)

- No features decreased the normality score.

**What should we do?** ‚úÖ Review variables that decreased the normality score. Validate against known events or investigate further if unexpected.",/content/drive/MyDrive/Data Science Group Project/XAI outputs for dashboard/SHAP_plots/shap_plot_20250602_010000.png,"üîç **Anomaly Severity**: No concern

‚úÖ No anomalies were detected in this sample. Model predictions were consistent with expected weather patterns.
No action is required for this time window.",/content/drive/MyDrive/Data Science Group Project/XAI outputs for dashboard/REA_plots/rea_plot_20250602_010000.png
2025-06-02 02:00:00,12.9,1012.7,0,13,10,26.25,4.1,27.1,1000.160075,1028.983814,0.2747787501,0,0.3188005049,0,0.03304385849,0.6425,Normal,"Sample Anomaly Label: Normal

The model's baseline normality score is **12.70**. For this event, the score is **14.86**. This suggests it's **more normal** ‚ú®.

**Why did it happen?** ü§î
Here's how features influenced the normality score:
- Features that increased the normality score (made it seem more normal) :

  ‚Ä¢ **precip_z_12h** = 0.00 (contribution: +0.55)
  ‚Ä¢ **temperature_2m_z** = -0.16 (contribution: +0.49)
  ‚Ä¢ **precip_z_24h** = 0.00 (contribution: +0.49)

- No features decreased the normality score.

**What should we do?** ‚úÖ Review variables that decreased the normality score. Validate against known events or investigate further if unexpected.",/content/drive/MyDrive/Data Science Group Project/XAI outputs for dashboard/SHAP_plots/shap_plot_20250602_020000.png,"üîç **Anomaly Severity**: No concern

‚úÖ No anomalies were detected in this sample. Model predictions were consistent with expected weather patterns.
No action is required for this time window.",/content/drive/MyDrive/Data Science Group Project/XAI outputs for dashboard/REA_plots/rea_plot_20250602_020000.png
2025-06-02 03:00:00,12.5,1013.1,0,10.1,10,26.25,4.1,27.1,1000.160075,1028.983814,0.2795762946,0,0.3529960733,0,0.03304385849,0.6425,Normal,"Sample Anomaly Label: Normal

The model's baseline normality score is **12.70**. For this event, the score is **15.05**. This suggests it's **more normal** ‚ú®.

**Why did it happen?** ü§î
Here's how features influenced the normality score:
- Features that increased the normality score (made it seem more normal) :

  ‚Ä¢ **precip_z_12h** = 0.00 (contribution: +0.56)
  ‚Ä¢ **precip_z_24h** = 0.00 (contribution: +0.51)
  ‚Ä¢ **temperature_2m_z** = -0.24 (contribution: +0.46)

- No features decreased the normality score.

**What should we do?** ‚úÖ Review variables that decreased the normality score. Validate against known events or investigate further if unexpected.",/content/drive/MyDrive/Data Science Group Project/XAI outputs for dashboard/SHAP_plots/shap_plot_20250602_030000.png,"üîç **Anomaly Severity**: No concern

‚úÖ No anomalies were detected in this sample. Model predictions were consistent with expected weather patterns.
No action is required for this time window.",/content/drive/MyDrive/Data Science Group Project/XAI outputs for dashboard/REA_plots/rea_plot_20250602_030000.png
2025-06-02 04:00:00,12.3,1013.6,0,8.6,10,26.25,4.1,27.1,1000.160075,1028.983814,0.2827908996,0,0.3645058844,0,0.03304385849,0.6425,Normal,"Sample Anomaly Label: Normal

The model's baseline normality score is **12.70**. For this event, the score is **15.18**. This suggests it's **more normal** ‚ú®.

**Why did it happen?** ü§î
Here's how features influenced the normality score:
- Features that increased the normality score (made it seem more normal) :

  ‚Ä¢ **precip_z_12h** = 0.00 (contribution: +0.57)
  ‚Ä¢ **precip_z_24h** = 0.00 (contribution: +0.52)
  ‚Ä¢ **temperature_2m_z** = -0.28 (contribution: +0.48)

- No features decreased the normality score.

**What should we do?** ‚úÖ Review variables that decreased the normality score. Validate against known events or investigate further if unexpected.",/content/drive/MyDrive/Data Science Group Project/XAI outputs for dashboard/SHAP_plots/shap_plot_20250602_040000.png,"üîç **Anomaly Severity**: No concern

‚úÖ No anomalies were detected in this sample. Model predictions were consistent with expected weather patterns.
No action is required for this time window.",/content/drive/MyDrive/Data Science Group Project/XAI outputs for dashboard/REA_plots/rea_plot_20250602_040000.png
2025-06-02 05:00:00,12.3,1014.4,0,6.5,10,26.25,4.1,27.1,1000.160075,1028.983814,0.2820679023,0,0.3635003744,0,0.03304385849,0.6425,Normal,"Sample Anomaly Label: Normal

The model's baseline normality score is **12.70**. For this event, the score is **15.15**. This suggests it's **more normal** ‚ú®.

**Why did it happen?** ü§î
Here's how features influenced the normality score:
- Features that increased the normality score (made it seem more normal) :

  ‚Ä¢ **precip_z_12h** = 0.00 (contribution: +0.56)
  ‚Ä¢ **precip_z_24h** = 0.00 (contribution: +0.54)
  ‚Ä¢ **temperature_2m_z** = -0.28 (contribution: +0.47)

- No features decreased the normality score.

**What should we do?** ‚úÖ Review variables that decreased the normality score. Validate against known events or investigate further if unexpected.",/content/drive/MyDrive/Data Science Group Project/XAI outputs for dashboard/SHAP_plots/shap_plot_20250602_050000.png,"üîç **Anomaly Severity**: No concern

‚úÖ No anomalies were detected in this sample. Model predictions were consistent with expected weather patterns.
No action is required for this time window.",/content/drive/MyDrive/Data Science Group Project/XAI outputs for dashboard/REA_plots/rea_plot_20250602_050000.png
2025-06-02 06:00:00,12.8,1015.2,0,10.1,10,26.25,4.1,27.1,1000.160075,1028.983814,0.2813920979,0,0.248392591,0,0.03304385849,0.6425,Normal,"Sample Anomaly Label: Normal

The model's baseline normality score is **12.70**. For this event, the score is **15.13**. This suggests it's **more normal** ‚ú®.

**Why did it happen?** ü§î
Here's how features influenced the normality score:
- Features that increased the normality score (made it seem more normal) :

  ‚Ä¢ **precip_z_12h** = 0.00 (contribution: +0.55)
  ‚Ä¢ **precip_z_24h** = 0.00 (contribution: +0.54)
  ‚Ä¢ **surface_pressure_z** = 0.09 (contribution: +0.48)

- No features decreased the normality score.

**What should we do?** ‚úÖ Review variables that decreased the normality score. Validate against known events or investigate further if unexpected.",/content/drive/MyDrive/Data Science Group Project/XAI outputs for dashboard/SHAP_plots/shap_plot_20250602_060000.png,"üîç **Anomaly Severity**: No concern

‚úÖ No anomalies were detected in this sample. Model predictions were consistent with expected weather patterns.
No action is required for this time window.",/content/drive/MyDrive/Data Science Group Project/XAI outputs for dashboard/REA_plots/rea_plot_20250602_060000.png
2025-06-02 07:00:00,13,1016,0,14,10,26.25,4.1,27.1,1000.160075,1028.983814,0.2887174688,0,0.2485104305,0,0.03304385849,0.6425,Normal,"Sample Anomaly Label: Normal

The model's baseline normality score is **12.70**. For this event, the score is **15.43**. This suggests it's **more normal** ‚ú®.

**Why did it happen?** ü§î
Here's how features influenced the normality score:
- Features that increased the normality score (made it seem more normal) :

  ‚Ä¢ **precip_z_12h** = 0.00 (contribution: +0.57)
  ‚Ä¢ **surface_pressure_z** = 0.20 (contribution: +0.56)
  ‚Ä¢ **wind_r** = -0.06 (contribution: +0.55)

- No features decreased the normality score.

**What should we do?** ‚úÖ Review variables that decreased the normality score. Validate against known events or investigate further if unexpected.",/content/drive/MyDrive/Data Science Group Project/XAI outputs for dashboard/SHAP_plots/shap_plot_20250602_070000.png,"üîç **Anomaly Severity**: No concern

‚úÖ No anomalies were detected in this sample. Model predictions were consistent with expected weather patterns.
No action is required for this time window.",/content/drive/MyDrive/Data Science Group Project/XAI outputs for dashboard/REA_plots/rea_plot_20250602_070000.png
2025-06-02 08:00:00,13.8,1016.5,0,13.3,10,26.25,4.1,27.1,1000.160075,1028.983814,0.2832472617,0,0.2468694534,0,0.03304385849,0.6425,Normal,"Sample Anomaly Label: Normal

The model's baseline normality score is **12.70**. For this event, the score is **15.20**. This suggests it's **more normal** ‚ú®.

**Why did it happen?** ü§î
Here's how features influenced the normality score:
- Features that increased the normality score (made it seem more normal) :

  ‚Ä¢ **precip_z_12h** = 0.00 (contribution: +0.57)
  ‚Ä¢ **surface_pressure_z** = 0.27 (contribution: +0.56)
  ‚Ä¢ **temperature_2m_z** = 0.03 (contribution: +0.52)

- No features decreased the normality score.

**What should we do?** ‚úÖ Review variables that decreased the normality score. Validate against known events or investigate further if unexpected.",/content/drive/MyDrive/Data Science Group Project/XAI outputs for dashboard/SHAP_plots/shap_plot_20250602_080000.png,"üîç **Anomaly Severity**: No concern

‚úÖ No anomalies were detected in this sample. Model predictions were consistent with expected weather patterns.
No action is required for this time window.",/content/drive/MyDrive/Data Science Group Project/XAI outputs for dashboard/REA_plots/rea_plot_20250602_080000.png
2025-06-02 09:00:00,15.4,1016.6,0,14,10,26.25,4.1,27.1,1000.160075,1028.983814,0.2783455156,0,0.257652735,0,0.03304385849,0.6425,Normal,"Sample Anomaly Label: Normal

The model's baseline normality score is **12.70**. For this event, the score is **15.00**. This suggests it's **more normal** ‚ú®.

**Why did it happen?** ü§î
Here's how features influenced the normality score:
- Features that increased the normality score (made it seem more normal) :

  ‚Ä¢ **precip_z_12h** = 0.00 (contribution: +0.57)
  ‚Ä¢ **surface_pressure_z** = 0.28 (contribution: +0.53)
  ‚Ä¢ **precip_z_24h** = 0.00 (contribution: +0.50)

- No features decreased the normality score.

**What should we do?** ‚úÖ Review variables that decreased the normality score. Validate against known events or investigate further if unexpected.",/content/drive/MyDrive/Data Science Group Project/XAI outputs for dashboard/SHAP_plots/shap_plot_20250602_090000.png,"üîç **Anomaly Severity**: No concern

‚úÖ No anomalies were detected in this sample. Model predictions were consistent with expected weather patterns.
No action is required for this time window.",/content/drive/MyDrive/Data Science Group Project/XAI outputs for dashboard/REA_plots/rea_plot_20250602_090000.png
2025-06-02 10:00:00,15.9,1017,0,18.4,10,26.25,4.1,27.1,1000.160075,1028.983814,0.2689963962,0,0.3424965142,0,0.03304385849,0.6425,Normal,"Sample Anomaly Label: Normal

The model's baseline normality score is **12.70**. For this event, the score is **14.63**. This suggests it's **more normal** ‚ú®.

**Why did it happen?** ü§î
Here's how features influenced the normality score:
- Features that increased the normality score (made it seem more normal) :

  ‚Ä¢ **precip_z_12h** = 0.00 (contribution: +0.56)
  ‚Ä¢ **surface_pressure_z** = 0.34 (contribution: +0.51)
  ‚Ä¢ **precip_z_24h** = 0.00 (contribution: +0.49)

- No features decreased the normality score.

**What should we do?** ‚úÖ Review variables that decreased the normality score. Validate against known events or investigate further if unexpected.",/content/drive/MyDrive/Data Science Group Project/XAI outputs for dashboard/SHAP_plots/shap_plot_20250602_100000.png,"üîç **Anomaly Severity**: No concern

‚úÖ No anomalies were detected in this sample. Model predictions were consistent with expected weather patterns.
No action is required for this time window.",/content/drive/MyDrive/Data Science Group Project/XAI outputs for dashboard/REA_plots/rea_plot_20250602_100000.png
2025-06-02 11:00:00,16.7,1017.3,0,13,10,26.25,4.1,27.1,1000.160075,1028.983814,0.2703694735,0,0.2590374066,0,0.03304385849,0.6425,Normal,"Sample Anomaly Label: Normal

The model's baseline normality score is **12.70**. For this event, the score is **14.68**. This suggests it's **more normal** ‚ú®.

**Why did it happen?** ü§î
Here's how features influenced the normality score:
- Features that increased the normality score (made it seem more normal) :

  ‚Ä¢ **precip_z_12h** = 0.00 (contribution: +0.57)
  ‚Ä¢ **surface_pressure_z** = 0.38 (contribution: +0.51)
  ‚Ä¢ **precip_z_24h** = 0.00 (contribution: +0.48)

- No features decreased the normality score.

**What should we do?** ‚úÖ Review variables that decreased the normality score. Validate against known events or investigate further if unexpected.",/content/drive/MyDrive/Data Science Group Project/XAI outputs for dashboard/SHAP_plots/shap_plot_20250602_110000.png,"üîç **Anomaly Severity**: No concern

‚úÖ No anomalies were detected in this sample. Model predictions were consistent with expected weather patterns.
No action is required for this time window.",/content/drive/MyDrive/Data Science Group Project/XAI outputs for dashboard/REA_plots/rea_plot_20250602_110000.png
2025-06-02 12:00:00,18,1016.9,0,10.1,10,26.25,4.1,27.1,1000.160075,1028.983814,0.2731514264,0,0.2799711897,0,0.03304385849,0.6425,Normal,"Sample Anomaly Label: Normal

The model's baseline normality score is **12.70**. For this event, the score is **14.79**. This suggests it's **more normal** ‚ú®.

**Why did it happen?** ü§î
Here's how features influenced the normality score:
- Features that increased the normality score (made it seem more normal) :

  ‚Ä¢ **precip_z_12h** = 0.00 (contribution: +0.58)
  ‚Ä¢ **surface_pressure_z** = 0.32 (contribution: +0.56)
  ‚Ä¢ **precip_z_24h** = 0.00 (contribution: +0.52)

- No features decreased the normality score.

**What should we do?** ‚úÖ Review variables that decreased the normality score. Validate against known events or investigate further if unexpected.",/content/drive/MyDrive/Data Science Group Project/XAI outputs for dashboard/SHAP_plots/shap_plot_20250602_120000.png,"üîç **Anomaly Severity**: No concern

‚úÖ No anomalies were detected in this sample. Model predictions were consistent with expected weather patterns.
No action is required for this time window.",/content/drive/MyDrive/Data Science Group Project/XAI outputs for dashboard/REA_plots/rea_plot_20250602_120000.png
2025-06-02 13:00:00,19,1016.5,0,11.5,10,26.25,4.1,27.1,1000.160075,1028.983814,0.275640855,0,0.2969244921,0,0.03304385849,0.6425,Normal,"Sample Anomaly Label: Normal

The model's baseline normality score is **12.70**. For this event, the score is **14.89**. This suggests it's **more normal** ‚ú®.

**Why did it happen?** ü§î
Here's how features influenced the normality score:
- Features that increased the normality score (made it seem more normal) :

  ‚Ä¢ **precip_z_12h** = 0.00 (contribution: +0.61)
  ‚Ä¢ **surface_pressure_z** = 0.27 (contribution: +0.58)
  ‚Ä¢ **precip_z_24h** = 0.00 (contribution: +0.52)

- No features decreased the normality score.

**What should we do?** ‚úÖ Review variables that decreased the normality score. Validate against known events or investigate further if unexpected.",/content/drive/MyDrive/Data Science Group Project/XAI outputs for dashboard/SHAP_plots/shap_plot_20250602_130000.png,"üîç **Anomaly Severity**: No concern

‚úÖ No anomalies were detected in this sample. Model predictions were consistent with expected weather patterns.
No action is required for this time window.",/content/drive/MyDrive/Data Science Group Project/XAI outputs for dashboard/REA_plots/rea_plot_20250602_130000.png
2025-06-02 14:00:00,18.2,1016,0,10.4,10,26.25,4.1,27.1,1000.160075,1028.983814,0.2791173783,0,0.3036097688,0,0.03304385849,0.6425,Normal,"Sample Anomaly Label: Normal

The model's baseline normality score is **12.70**. For this event, the score is **15.03**. This suggests it's **more normal** ‚ú®.

**Why did it happen?** ü§î
Here's how features influenced the normality score:
- Features that increased the normality score (made it seem more normal) :

  ‚Ä¢ **precip_z_12h** = 0.00 (contribution: +0.60)
  ‚Ä¢ **surface_pressure_z** = 0.20 (contribution: +0.59)
  ‚Ä¢ **precip_z_24h** = 0.00 (contribution: +0.52)

- No features decreased the normality score.

**What should we do?** ‚úÖ Review variables that decreased the normality score. Validate against known events or investigate further if unexpected.",/content/drive/MyDrive/Data Science Group Project/XAI outputs for dashboard/SHAP_plots/shap_plot_20250602_140000.png,"üîç **Anomaly Severity**: No concern

‚úÖ No anomalies were detected in this sample. Model predictions were consistent with expected weather patterns.
No action is required for this time window.",/content/drive/MyDrive/Data Science Group Project/XAI outputs for dashboard/REA_plots/rea_plot_20250602_140000.png
2025-06-02 15:00:00,18.7,1015.3,0,11.2,10,26.25,4.1,27.1,1000.160075,1028.983814,0.2791131685,0,0.3147006444,0,0.03304385849,0.6425,Normal,"Sample Anomaly Label: Normal

The model's baseline normality score is **12.70**. For this event, the score is **15.03**. This suggests it's **more normal** ‚ú®.

**Why did it happen?** ü§î
Here's how features influenced the normality score:
- Features that increased the normality score (made it seem more normal) :

  ‚Ä¢ **precip_z_12h** = 0.00 (contribution: +0.61)
  ‚Ä¢ **surface_pressure_z** = 0.10 (contribution: +0.58)
  ‚Ä¢ **precip_z_24h** = 0.00 (contribution: +0.53)

- No features decreased the normality score.

**What should we do?** ‚úÖ Review variables that decreased the normality score. Validate against known events or investigate further if unexpected.",/content/drive/MyDrive/Data Science Group Project/XAI outputs for dashboard/SHAP_plots/shap_plot_20250602_150000.png,"üîç **Anomaly Severity**: No concern

‚úÖ No anomalies were detected in this sample. Model predictions were consistent with expected weather patterns.
No action is required for this time window.",/content/drive/MyDrive/Data Science Group Project/XAI outputs for dashboard/REA_plots/rea_plot_20250602_150000.png
2025-06-02 16:00:00,19.1,1014.7,0,11.9,10,26.25,4.1,27.1,1000.160075,1028.983814,0.2746692442,0,0.3179818911,0,0.03304385849,0.6425,Normal,"Sample Anomaly Label: Normal

The model's baseline normality score is **12.70**. For this event, the score is **14.85**. This suggests it's **more normal** ‚ú®.

**Why did it happen?** ü§î
Here's how features influenced the normality score:
- Features that increased the normality score (made it seem more normal) :

  ‚Ä¢ **precip_z_12h** = 0.00 (contribution: +0.60)
  ‚Ä¢ **surface_pressure_z** = 0.02 (contribution: +0.55)
  ‚Ä¢ **precip_z_24h** = 0.00 (contribution: +0.52)

- No features decreased the normality score.

**What should we do?** ‚úÖ Review variables that decreased the normality score. Validate against known events or investigate further if unexpected.",/content/drive/MyDrive/Data Science Group Project/XAI outputs for dashboard/SHAP_plots/shap_plot_20250602_160000.png,"üîç **Anomaly Severity**: No concern

‚úÖ No anomalies were detected in this sample. Model predictions were consistent with expected weather patterns.
No action is required for this time window.",/content/drive/MyDrive/Data Science Group Project/XAI outputs for dashboard/REA_plots/rea_plot_20250602_160000.png
2025-06-02 17:00:00,19.5,1014.1,0,12.6,10,26.25,4.1,27.1,1000.160075,1028.983814,0.2679865379,0,0.3135608932,0,0.03304385849,0.6425,Normal,"Sample Anomaly Label: Normal

The model's baseline normality score is **12.70**. For this event, the score is **14.59**. This suggests it's **more normal** ‚ú®.

**Why did it happen?** ü§î
Here's how features influenced the normality score:
- Features that increased the normality score (made it seem more normal) :

  ‚Ä¢ **precip_z_12h** = 0.00 (contribution: +0.59)
  ‚Ä¢ **precip_z_24h** = 0.00 (contribution: +0.52)
  ‚Ä¢ **surface_pressure_z** = -0.07 (contribution: +0.47)

- Features that decreased the normality score (made it seem more anomalous) :

  ‚Ä¢ **temperature_2m_z** = 1.24 (contribution: -0.07)

**What should we do?** ‚úÖ Review variables that decreased the normality score. Validate against known events or investigate further if unexpected.",/content/drive/MyDrive/Data Science Group Project/XAI outputs for dashboard/SHAP_plots/shap_plot_20250602_170000.png,"üîç **Anomaly Severity**: No concern

‚úÖ No anomalies were detected in this sample. Model predictions were consistent with expected weather patterns.
No action is required for this time window.",/content/drive/MyDrive/Data Science Group Project/XAI outputs for dashboard/REA_plots/rea_plot_20250602_170000.png
2025-06-02 18:00:00,19.9,1013.5,0,13.7,10,26.25,4.1,27.1,1000.160075,1028.983814,0.2644015418,0,0.3239462469,0,0.03304385849,0.6425,Normal,"Sample Anomaly Label: Normal

The model's baseline normality score is **12.70**. For this event, the score is **14.44**. This suggests it's **more normal** ‚ú®.

**Why did it happen?** ü§î
Here's how features influenced the normality score:
- Features that increased the normality score (made it seem more normal) :

  ‚Ä¢ **precip_z_12h** = 0.00 (contribution: +0.60)
  ‚Ä¢ **precip_z_24h** = 0.00 (contribution: +0.52)
  ‚Ä¢ **surface_pressure_z** = -0.15 (contribution: +0.49)

- Features that decreased the normality score (made it seem more anomalous) :

  ‚Ä¢ **temperature_2m_z** = 1.33 (contribution: -0.26)

**What should we do?** ‚úÖ Review variables that decreased the normality score. Validate against known events or investigate further if unexpected.",/content/drive/MyDrive/Data Science Group Project/XAI outputs for dashboard/SHAP_plots/shap_plot_20250602_180000.png,"üîç **Anomaly Severity**: No concern

‚úÖ No anomalies were detected in this sample. Model predictions were consistent with expected weather patterns.
No action is required for this time window.",/content/drive/MyDrive/Data Science Group Project/XAI outputs for dashboard/REA_plots/rea_plot_20250602_180000.png
2025-06-02 19:00:00,19.9,1013,0,14.8,10,26.25,4.1,27.1,1000.160075,1028.983814,0.2607038437,0,0.3791964786,0,0.03304385849,0.6425,Normal,"Sample Anomaly Label: Normal

The model's baseline normality score is **12.70**. For this event, the score is **14.30**. This suggests it's **more normal** ‚ú®.

**Why did it happen?** ü§î
Here's how features influenced the normality score:
- Features that increased the normality score (made it seem more normal) :

  ‚Ä¢ **precip_z_12h** = 0.00 (contribution: +0.59)
  ‚Ä¢ **precip_z_24h** = 0.00 (contribution: +0.51)
  ‚Ä¢ **surface_pressure_z** = -0.22 (contribution: +0.47)

- Features that decreased the normality score (made it seem more anomalous) :

  ‚Ä¢ **temperature_2m_z** = 1.33 (contribution: -0.27)

**What should we do?** ‚úÖ Review variables that decreased the normality score. Validate against known events or investigate further if unexpected.",/content/drive/MyDrive/Data Science Group Project/XAI outputs for dashboard/SHAP_plots/shap_plot_20250602_190000.png,"üîç **Anomaly Severity**: No concern

‚úÖ No anomalies were detected in this sample. Model predictions were consistent with expected weather patterns.
No action is required for this time window.",/content/drive/MyDrive/Data Science Group Project/XAI outputs for dashboard/REA_plots/rea_plot_20250602_190000.png
2025-06-02 20:00:00,19.1,1012.9,0,16.2,10,26.25,4.1,27.1,1000.160075,1028.983814,0.2676110736,0,0.4033280793,0,0.03304385849,0.6425,Normal,"Sample Anomaly Label: Normal

The model's baseline normality score is **12.70**. For this event, the score is **14.57**. This suggests it's **more normal** ‚ú®.

**Why did it happen?** ü§î
Here's how features influenced the normality score:
- Features that increased the normality score (made it seem more normal) :

  ‚Ä¢ **precip_z_12h** = 0.00 (contribution: +0.59)
  ‚Ä¢ **precip_z_24h** = 0.00 (contribution: +0.51)
  ‚Ä¢ **surface_pressure_z** = -0.23 (contribution: +0.48)

- No features decreased the normality score.

**What should we do?** ‚úÖ Review variables that decreased the normality score. Validate against known events or investigate further if unexpected.",/content/drive/MyDrive/Data Science Group Project/XAI outputs for dashboard/SHAP_plots/shap_plot_20250602_200000.png,"üîç **Anomaly Severity**: No concern

‚úÖ No anomalies were detected in this sample. Model predictions were consistent with expected weather patterns.
No action is required for this time window.",/content/drive/MyDrive/Data Science Group Project/XAI outputs for dashboard/REA_plots/rea_plot_20250602_200000.png
2025-06-02 21:00:00,18,1012.9,0,17.6,10,26.25,4.1,27.1,1000.160075,1028.983814,0.268206134,0,0.40704489,0,0.03304385849,0.6425,Normal,"Sample Anomaly Label: Normal

The model's baseline normality score is **12.70**. For this event, the score is **14.59**. This suggests it's **more normal** ‚ú®.

**Why did it happen?** ü§î
Here's how features influenced the normality score:
- Features that increased the normality score (made it seem more normal) :

  ‚Ä¢ **precip_z_12h** = 0.00 (contribution: +0.58)
  ‚Ä¢ **precip_z_24h** = 0.00 (contribution: +0.51)
  ‚Ä¢ **surface_pressure_z** = -0.23 (contribution: +0.49)

- No features decreased the normality score.

**What should we do?** ‚úÖ Review variables that decreased the normality score. Validate against known events or investigate further if unexpected.",/content/drive/MyDrive/Data Science Group Project/XAI outputs for dashboard/SHAP_plots/shap_plot_20250602_210000.png,"üîç **Anomaly Severity**: No concern

‚úÖ No anomalies were detected in this sample. Model predictions were consistent with expected weather patterns.
No action is required for this time window.",/content/drive/MyDrive/Data Science Group Project/XAI outputs for dashboard/REA_plots/rea_plot_20250602_210000.png
2025-06-02 22:00:00,16.8,1012.7,0,18.4,10,26.25,4.1,27.1,1000.160075,1028.983814,0.2580593058,0,0.3909635756,0,0.03304385849,0.6425,Normal,"Sample Anomaly Label: Normal

The model's baseline normality score is **12.70**. For this event, the score is **14.20**. This suggests it's **more normal** ‚ú®.

**Why did it happen?** ü§î
Here's how features influenced the normality score:
- Features that increased the normality score (made it seem more normal) :

  ‚Ä¢ **precip_z_12h** = 0.00 (contribution: +0.55)
  ‚Ä¢ **precip_z_24h** = 0.00 (contribution: +0.48)
  ‚Ä¢ **surface_pressure_z** = -0.26 (contribution: +0.39)

- Features that decreased the normality score (made it seem more anomalous) :

  ‚Ä¢ **wind_r** = 0.86 (contribution: -0.29)

**What should we do?** ‚úÖ Review variables that decreased the normality score. Validate against known events or investigate further if unexpected.",/content/drive/MyDrive/Data Science Group Project/XAI outputs for dashboard/SHAP_plots/shap_plot_20250602_220000.png,"üîç **Anomaly Severity**: No concern

‚úÖ No anomalies were detected in this sample. Model predictions were consistent with expected weather patterns.
No action is required for this time window.",/content/drive/MyDrive/Data Science Group Project/XAI outputs for dashboard/REA_plots/rea_plot_20250602_220000.png
2025-06-02 23:00:00,15.6,1012.1,0,18,10,26.25,4.1,27.1,1000.160075,1028.983814,0.2551697024,0,0.3521873473,0,0.03304385849,0.6425,Normal,"Sample Anomaly Label: Normal

The model's baseline normality score is **12.70**. For this event, the score is **14.09**. This suggests it's **more normal** ‚ú®.

**Why did it happen?** ü§î
Here's how features influenced the normality score:
- Features that increased the normality score (made it seem more normal) :

  ‚Ä¢ **precip_z_12h** = 0.00 (contribution: +0.53)
  ‚Ä¢ **precip_z_24h** = 0.00 (contribution: +0.48)
  ‚Ä¢ **surface_pressure_z** = -0.34 (contribution: +0.42)

- Features that decreased the normality score (made it seem more anomalous) :

  ‚Ä¢ **wind_r** = 0.94 (contribution: -0.37)

**What should we do?** ‚úÖ Review variables that decreased the normality score. Validate against known events or investigate further if unexpected.",/content/drive/MyDrive/Data Science Group Project/XAI outputs for dashboard/SHAP_plots/shap_plot_20250602_230000.png,"üîç **Anomaly Severity**: No concern

‚úÖ No anomalies were detected in this sample. Model predictions were consistent with expected weather patterns.
No action is required for this time window.",/content/drive/MyDrive/Data Science Group Project/XAI outputs for dashboard/REA_plots/rea_plot_20250602_230000.png
2025-06-03 00:00:00,14.5,1011.2,0,16.9,10,26.25,4.1,27.1,1000.160075,1028.983814,0.2618786681,0,0.3142311657,0,0.03304385849,0.6425,Normal,"Sample Anomaly Label: Normal

The model's baseline normality score is **12.70**. For this event, the score is **14.35**. This suggests it's **more normal** ‚ú®.

**Why did it happen?** ü§î
Here's how features influenced the normality score:
- Features that increased the normality score (made it seem more normal) :

  ‚Ä¢ **precip_z_12h** = 0.00 (contribution: +0.55)
  ‚Ä¢ **precip_z_24h** = 0.00 (contribution: +0.49)
  ‚Ä¢ **temperature_2m_z** = 0.18 (contribution: +0.48)

- Features that decreased the normality score (made it seem more anomalous) :

  ‚Ä¢ **wind_r** = 0.91 (contribution: -0.28)

**What should we do?** ‚úÖ Review variables that decreased the normality score. Validate against known events or investigate further if unexpected.",/content/drive/MyDrive/Data Science Group Project/XAI outputs for dashboard/SHAP_plots/shap_plot_20250603_000000.png,"üîç **Anomaly Severity**: No concern

‚úÖ No anomalies were detected in this sample. Model predictions were consistent with expected weather patterns.
No action is required for this time window.",/content/drive/MyDrive/Data Science Group Project/XAI outputs for dashboard/REA_plots/rea_plot_20250603_000000.png
2025-06-03 01:00:00,13.5,1010.3,0,16.6,10,26.25,4.1,27.1,1000.160075,1028.983814,0.2632209971,0,0.3778029651,0,0.03304385849,0.6425,Normal,"Sample Anomaly Label: Normal

The model's baseline normality score is **12.70**. For this event, the score is **14.40**. This suggests it's **more normal** ‚ú®.

**Why did it happen?** ü§î
Here's how features influenced the normality score:
- Features that increased the normality score (made it seem more normal) :

  ‚Ä¢ **temperature_2m_z** = -0.03 (contribution: +0.56)
  ‚Ä¢ **precip_z_12h** = 0.00 (contribution: +0.55)
  ‚Ä¢ **precip_z_24h** = 0.00 (contribution: +0.49)

- Features that decreased the normality score (made it seem more anomalous) :

  ‚Ä¢ **wind_r** = 0.83 (contribution: -0.21)

**What should we do?** ‚úÖ Review variables that decreased the normality score. Validate against known events or investigate further if unexpected.",/content/drive/MyDrive/Data Science Group Project/XAI outputs for dashboard/SHAP_plots/shap_plot_20250603_010000.png,"üîç **Anomaly Severity**: No concern

‚úÖ No anomalies were detected in this sample. Model predictions were consistent with expected weather patterns.
No action is required for this time window.",/content/drive/MyDrive/Data Science Group Project/XAI outputs for dashboard/REA_plots/rea_plot_20250603_010000.png
2025-06-03 02:00:00,12.9,1009.3,0,16.9,10,26.25,4.1,27.1,1000.160075,1028.983814,0.2607790352,0,0.4342386541,0,0.03304385849,0.6425,Normal,"Sample Anomaly Label: Normal

The model's baseline normality score is **12.70**. For this event, the score is **14.30**. This suggests it's **more normal** ‚ú®.

**Why did it happen?** ü§î
Here's how features influenced the normality score:
- Features that increased the normality score (made it seem more normal) :

  ‚Ä¢ **precip_z_12h** = 0.00 (contribution: +0.53)
  ‚Ä¢ **temperature_2m_z** = -0.16 (contribution: +0.51)
  ‚Ä¢ **precip_z_24h** = 0.00 (contribution: +0.46)

- Features that decreased the normality score (made it seem more anomalous) :

  ‚Ä¢ **wind_r** = 0.79 (contribution: -0.07)

**What should we do?** ‚úÖ Review variables that decreased the normality score. Validate against known events or investigate further if unexpected.",/content/drive/MyDrive/Data Science Group Project/XAI outputs for dashboard/SHAP_plots/shap_plot_20250603_020000.png,"üîç **Anomaly Severity**: No concern

‚úÖ No anomalies were detected in this sample. Model predictions were consistent with expected weather patterns.
No action is required for this time window.",/content/drive/MyDrive/Data Science Group Project/XAI outputs for dashboard/REA_plots/rea_plot_20250603_020000.png
2025-06-03 03:00:00,12.6,1008.2,0,17.3,10,26.25,4.1,27.1,1000.160075,1028.983814,0.2549086599,0,0.4761835149,0,0.03304385849,0.6425,Normal,"Sample Anomaly Label: Normal

The model's baseline normality score is **12.70**. For this event, the score is **14.08**. This suggests it's **more normal** ‚ú®.

**Why did it happen?** ü§î
Here's how features influenced the normality score:
- Features that increased the normality score (made it seem more normal) :

  ‚Ä¢ **precip_z_12h** = 0.00 (contribution: +0.52)
  ‚Ä¢ **temperature_2m_z** = -0.22 (contribution: +0.49)
  ‚Ä¢ **precip_z_24h** = 0.00 (contribution: +0.46)

- Features that decreased the normality score (made it seem more anomalous) :

  ‚Ä¢ **wind_r** = 0.80 (contribution: -0.13)

**What should we do?** ‚úÖ Review variables that decreased the normality score. Validate against known events or investigate further if unexpected.",/content/drive/MyDrive/Data Science Group Project/XAI outputs for dashboard/SHAP_plots/shap_plot_20250603_030000.png,"üîç **Anomaly Severity**: No concern

‚úÖ No anomalies were detected in this sample. Model predictions were consistent with expected weather patterns.
No action is required for this time window.",/content/drive/MyDrive/Data Science Group Project/XAI outputs for dashboard/REA_plots/rea_plot_20250603_030000.png
2025-06-03 04:00:00,12.5,1007.2,0,18.4,10,26.25,4.1,27.1,1000.160075,1028.983814,0.246776592,0,0.5109611629,0,0.03304385849,0.6425,Normal,"Sample Anomaly Label: Normal

The model's baseline normality score is **12.70**. For this event, the score is **13.77**. This suggests it's **more normal** ‚ú®.

**Why did it happen?** ü§î
Here's how features influenced the normality score:
- Features that increased the normality score (made it seem more normal) :

  ‚Ä¢ **precip_z_12h** = 0.00 (contribution: +0.51)
  ‚Ä¢ **temperature_2m_z** = -0.24 (contribution: +0.47)
  ‚Ä¢ **precip_z_24h** = 0.00 (contribution: +0.45)

- Features that decreased the normality score (made it seem more anomalous) :

  ‚Ä¢ **wind_r** = 0.88 (contribution: -0.33)
  ‚Ä¢ **surface_pressure_z** = -1.02 (contribution: -0.04)

**What should we do?** ‚úÖ Review variables that decreased the normality score. Validate against known events or investigate further if unexpected.",/content/drive/MyDrive/Data Science Group Project/XAI outputs for dashboard/SHAP_plots/shap_plot_20250603_040000.png,"üîç **Anomaly Severity**: No concern

‚úÖ No anomalies were detected in this sample. Model predictions were consistent with expected weather patterns.
No action is required for this time window.",/content/drive/MyDrive/Data Science Group Project/XAI outputs for dashboard/REA_plots/rea_plot_20250603_040000.png
2025-06-03 05:00:00,12.6,1006.3,0,19.8,10,26.25,4.1,27.1,1000.160075,1028.983814,0.237448619,0,0.532594648,0,0.03304385849,0.6425,Normal,"Sample Anomaly Label: Normal

The model's baseline normality score is **12.70**. For this event, the score is **13.42**. This suggests it's **more normal** ‚ú®.

**Why did it happen?** ü§î
Here's how features influenced the normality score:
- Features that increased the normality score (made it seem more normal) :

  ‚Ä¢ **temperature_2m_z** = -0.22 (contribution: +0.53)
  ‚Ä¢ **precip_z_12h** = 0.00 (contribution: +0.47)
  ‚Ä¢ **precip_z_24h** = 0.00 (contribution: +0.47)

- Features that decreased the normality score (made it seem more anomalous) :

  ‚Ä¢ **wind_r** = 1.01 (contribution: -0.50)
  ‚Ä¢ **surface_pressure_z** = -1.15 (contribution: -0.24)

**What should we do?** ‚úÖ Review variables that decreased the normality score. Validate against known events or investigate further if unexpected.",/content/drive/MyDrive/Data Science Group Project/XAI outputs for dashboard/SHAP_plots/shap_plot_20250603_050000.png,"üîç **Anomaly Severity**: No concern

‚úÖ No anomalies were detected in this sample. Model predictions were consistent with expected weather patterns.
No action is required for this time window.",/content/drive/MyDrive/Data Science Group Project/XAI outputs for dashboard/REA_plots/rea_plot_20250603_050000.png
2025-06-03 06:00:00,12.9,1005.6,0,21.6,10,26.25,4.1,27.1,1000.160075,1028.983814,0.2299098041,0,0.5421021888,0,0.03304385849,0.6425,Normal,"Sample Anomaly Label: Normal

The model's baseline normality score is **12.70**. For this event, the score is **13.15**. This suggests it's **more normal** ‚ú®.

**Why did it happen?** ü§î
Here's how features influenced the normality score:
- Features that increased the normality score (made it seem more normal) :

  ‚Ä¢ **temperature_2m_z** = -0.16 (contribution: +0.53)
  ‚Ä¢ **precip_z_12h** = 0.00 (contribution: +0.49)
  ‚Ä¢ **precip_z_24h** = 0.00 (contribution: +0.44)

- Features that decreased the normality score (made it seem more anomalous) :

  ‚Ä¢ **wind_r** = 1.19 (contribution: -0.73)
  ‚Ä¢ **surface_pressure_z** = -1.25 (contribution: -0.28)

**What should we do?** ‚úÖ Review variables that decreased the normality score. Validate against known events or investigate further if unexpected.",/content/drive/MyDrive/Data Science Group Project/XAI outputs for dashboard/SHAP_plots/shap_plot_20250603_060000.png,"üîç **Anomaly Severity**: No concern

‚úÖ No anomalies were detected in this sample. Model predictions were consistent with expected weather patterns.
No action is required for this time window.",/content/drive/MyDrive/Data Science Group Project/XAI outputs for dashboard/REA_plots/rea_plot_20250603_060000.png
2025-06-03 07:00:00,13.2,1004.8,0,23,10,26.25,4.1,27.1,1000.160075,1028.983814,0.2132920134,0,0.6034317101,0,0.03304385849,0.6425,Normal,"Sample Anomaly Label: Normal

The model's baseline normality score is **12.70**. For this event, the score is **12.56**. This suggests it's **more unusual than normal** üö®.

**Why did it happen?** ü§î
Here's how features influenced the normality score:
- Features that increased the normality score (made it seem more normal) :

  ‚Ä¢ **temperature_2m_z** = -0.09 (contribution: +0.56)
  ‚Ä¢ **precip_z_12h** = 0.00 (contribution: +0.47)
  ‚Ä¢ **precip_z_24h** = 0.00 (contribution: +0.43)

- Features that decreased the normality score (made it seem more anomalous) :

  ‚Ä¢ **wind_r** = 1.39 (contribution: -1.05)
  ‚Ä¢ **surface_pressure_z** = -1.36 (contribution: -0.53)

**What should we do?** ‚úÖ Review variables that decreased the normality score. Validate against known events or investigate further if unexpected.",/content/drive/MyDrive/Data Science Group Project/XAI outputs for dashboard/SHAP_plots/shap_plot_20250603_070000.png,"üîç **Anomaly Severity**: No concern

‚úÖ No anomalies were detected in this sample. Model predictions were consistent with expected weather patterns.
No action is required for this time window.",/content/drive/MyDrive/Data Science Group Project/XAI outputs for dashboard/REA_plots/rea_plot_20250603_070000.png
2025-06-03 08:00:00,13.4,1004,0.2,24.5,10,26.25,4.1,27.1,1000.160075,1028.983814,-0.02027517601,1,0.6810051971,1,0.03304385849,0.6425,Compound anomaly,"Sample Anomaly Label: Compound anomaly

The model's baseline normality score is **12.70**. For this event, the score is **6.12**. This suggests it's **more unusual than normal** üö®.

**Why did it happen?** ü§î
Here's how features influenced the normality score:
- Features that increased the normality score (made it seem more normal) :

  ‚Ä¢ **temperature_2m_z** = -0.05 (contribution: +0.31)

- Features that decreased the normality score (made it seem more anomalous) :

  ‚Ä¢ **precip_z_24h** = 182321.56 (contribution: -3.05)
  ‚Ä¢ **precip_z_12h** = 182321.56 (contribution: -2.55)
  ‚Ä¢ **wind_r** = 1.59 (contribution: -0.86)

**What should we do?** ‚úÖ Review variables that decreased the normality score. Validate against known events or investigate further if unexpected.",/content/drive/MyDrive/Data Science Group Project/XAI outputs for dashboard/SHAP_plots/shap_plot_20250603_080000.png,"üîç **Anomaly Severity**: Potential weather anomaly (multiple detection methods agree)

‚ö†Ô∏è The model flagged this sample as **anomalous** based on unusual reconstruction behavior.

üìå **What this means:**
This time window exhibited deviations from typical weather patterns, which may indicate unexpected events or data irregularities.

üõ†Ô∏è **Recommended action:** Consider reviewing operational context (e.g., weather warnings, sudden shifts in conditions) for this period.",/content/drive/MyDrive/Data Science Group Project/XAI outputs for dashboard/REA_plots/rea_plot_20250603_080000.png
2025-06-03 09:00:00,13.5,1003.2,0.2,25.6,10,26.25,4.1,27.1,1000.160075,1028.983814,-0.0368250905,1,0.7199308818,1,0.03304385849,0.6425,Compound anomaly,"Sample Anomaly Label: Compound anomaly

The model's baseline normality score is **12.70**. For this event, the score is **5.75**. This suggests it's **more unusual than normal** üö®.

**Why did it happen?** ü§î
Here's how features influenced the normality score:
- Features that increased the normality score (made it seem more normal) :

  ‚Ä¢ **temperature_2m_z** = -0.03 (contribution: +0.31)

- Features that decreased the normality score (made it seem more anomalous) :

  ‚Ä¢ **precip_z_24h** = 182321.56 (contribution: -2.99)
  ‚Ä¢ **precip_z_12h** = 182321.56 (contribution: -2.52)
  ‚Ä¢ **wind_r** = 1.76 (contribution: -1.21)

**What should we do?** ‚úÖ Review variables that decreased the normality score. Validate against known events or investigate further if unexpected.",/content/drive/MyDrive/Data Science Group Project/XAI outputs for dashboard/SHAP_plots/shap_plot_20250603_090000.png,"üîç **Anomaly Severity**: Potential weather anomaly (multiple detection methods agree)

‚ö†Ô∏è The model flagged this sample as **anomalous** based on unusual reconstruction behavior.

üìå **What this means:**
This time window exhibited deviations from typical weather patterns, which may indicate unexpected events or data irregularities.

üõ†Ô∏è **Recommended action:** Consider reviewing operational context (e.g., weather warnings, sudden shifts in conditions) for this period.",/content/drive/MyDrive/Data Science Group Project/XAI outputs for dashboard/REA_plots/rea_plot_20250603_090000.png
2025-06-03 10:00:00,13.9,1002.5,0.2,26.3,10,26.25,4.1,27.1,1000.160075,1028.983814,-0.03792298105,1,0.7315803802,1,0.03304385849,0.6425,Compound anomaly,"Sample Anomaly Label: Compound anomaly

The model's baseline normality score is **12.70**. For this event, the score is **5.73**. This suggests it's **more unusual than normal** üö®.

**Why did it happen?** ü§î
Here's how features influenced the normality score:
- Features that increased the normality score (made it seem more normal) :

  ‚Ä¢ **temperature_2m_z** = 0.05 (contribution: +0.31)

- Features that decreased the normality score (made it seem more anomalous) :

  ‚Ä¢ **precip_z_24h** = 182321.56 (contribution: -2.90)
  ‚Ä¢ **precip_z_12h** = 182321.56 (contribution: -2.43)
  ‚Ä¢ **wind_r** = 1.90 (contribution: -1.39)

**What should we do?** ‚úÖ Review variables that decreased the normality score. Validate against known events or investigate further if unexpected.",/content/drive/MyDrive/Data Science Group Project/XAI outputs for dashboard/SHAP_plots/shap_plot_20250603_100000.png,"üîç **Anomaly Severity**: Potential weather anomaly (multiple detection methods agree)

‚ö†Ô∏è The model flagged this sample as **anomalous** based on unusual reconstruction behavior.

üìå **What this means:**
This time window exhibited deviations from typical weather patterns, which may indicate unexpected events or data irregularities.

üõ†Ô∏è **Recommended action:** Consider reviewing operational context (e.g., weather warnings, sudden shifts in conditions) for this period.",/content/drive/MyDrive/Data Science Group Project/XAI outputs for dashboard/REA_plots/rea_plot_20250603_100000.png
2025-06-03 11:00:00,14.5,1001.9,0.1,27,10,26.25,4.1,27.1,1000.160075,1028.983814,-0.04634773014,1,0.7141174383,1,0.03304385849,0.6425,Compound anomaly,"Sample Anomaly Label: Compound anomaly

The model's baseline normality score is **12.70**. For this event, the score is **5.55**. This suggests it's **more unusual than normal** üö®.

**Why did it happen?** ü§î
Here's how features influenced the normality score:
- Features that increased the normality score (made it seem more normal) :

  ‚Ä¢ **temperature_2m_z** = 0.18 (contribution: +0.26)

- Features that decreased the normality score (made it seem more anomalous) :

  ‚Ä¢ **precip_z_24h** = 95310.18 (contribution: -2.77)
  ‚Ä¢ **precip_z_12h** = 95310.18 (contribution: -2.38)
  ‚Ä¢ **wind_r** = 2.01 (contribution: -1.62)

**What should we do?** ‚úÖ Review variables that decreased the normality score. Validate against known events or investigate further if unexpected.",/content/drive/MyDrive/Data Science Group Project/XAI outputs for dashboard/SHAP_plots/shap_plot_20250603_110000.png,"üîç **Anomaly Severity**: Potential weather anomaly (multiple detection methods agree)

‚ö†Ô∏è The model flagged this sample as **anomalous** based on unusual reconstruction behavior.

üìå **What this means:**
This time window exhibited deviations from typical weather patterns, which may indicate unexpected events or data irregularities.

üõ†Ô∏è **Recommended action:** Consider reviewing operational context (e.g., weather warnings, sudden shifts in conditions) for this period.",/content/drive/MyDrive/Data Science Group Project/XAI outputs for dashboard/REA_plots/rea_plot_20250603_110000.png
2025-06-03 12:00:00,15.3,1001.4,0.1,27.4,10,26.25,4.1,27.1,1000.160075,1028.983814,-0.05382606654,1,0.7095973307,1,0.03304385849,0.6425,Compound anomaly,"Sample Anomaly Label: Compound anomaly

The model's baseline normality score is **12.70**. For this event, the score is **5.39**. This suggests it's **more unusual than normal** üö®.

**Why did it happen?** ü§î
Here's how features influenced the normality score:
- Features that increased the normality score (made it seem more normal) :

  ‚Ä¢ **temperature_2m_z** = 0.35 (contribution: +0.25)

- Features that decreased the normality score (made it seem more anomalous) :

  ‚Ä¢ **precip_z_24h** = 95310.18 (contribution: -2.76)
  ‚Ä¢ **precip_z_12h** = 95310.18 (contribution: -2.38)
  ‚Ä¢ **wind_r** = 2.09 (contribution: -1.69)

**What should we do?** ‚úÖ Review variables that decreased the normality score. Validate against known events or investigate further if unexpected.",/content/drive/MyDrive/Data Science Group Project/XAI outputs for dashboard/SHAP_plots/shap_plot_20250603_120000.png,"üîç **Anomaly Severity**: Potential weather anomaly (multiple detection methods agree)

‚ö†Ô∏è The model flagged this sample as **anomalous** based on unusual reconstruction behavior.

üìå **What this means:**
This time window exhibited deviations from typical weather patterns, which may indicate unexpected events or data irregularities.

üõ†Ô∏è **Recommended action:** Consider reviewing operational context (e.g., weather warnings, sudden shifts in conditions) for this period.",/content/drive/MyDrive/Data Science Group Project/XAI outputs for dashboard/REA_plots/rea_plot_20250603_120000.png
2025-06-03 13:00:00,16.1,1001,0.1,27,10,26.25,4.1,27.1,1000.160075,1028.983814,-0.05580606522,1,0.7577911329,1,0.03304385849,0.6425,Compound anomaly,"Sample Anomaly Label: Compound anomaly

The model's baseline normality score is **12.70**. For this event, the score is **5.34**. This suggests it's **more unusual than normal** üö®.

**Why did it happen?** ü§î
Here's how features influenced the normality score:
- Features that increased the normality score (made it seem more normal) :

  ‚Ä¢ **temperature_2m_z** = 0.52 (contribution: +0.20)

- Features that decreased the normality score (made it seem more anomalous) :

  ‚Ä¢ **precip_z_24h** = 95310.18 (contribution: -2.70)
  ‚Ä¢ **precip_z_12h** = 95310.18 (contribution: -2.36)
  ‚Ä¢ **wind_r** = 2.12 (contribution: -1.69)

**What should we do?** ‚úÖ Review variables that decreased the normality score. Validate against known events or investigate further if unexpected.",/content/drive/MyDrive/Data Science Group Project/XAI outputs for dashboard/SHAP_plots/shap_plot_20250603_130000.png,"üîç **Anomaly Severity**: Potential weather anomaly (multiple detection methods agree)

‚ö†Ô∏è The model flagged this sample as **anomalous** based on unusual reconstruction behavior.

üìå **What this means:**
This time window exhibited deviations from typical weather patterns, which may indicate unexpected events or data irregularities.

üõ†Ô∏è **Recommended action:** Consider reviewing operational context (e.g., weather warnings, sudden shifts in conditions) for this period.",/content/drive/MyDrive/Data Science Group Project/XAI outputs for dashboard/REA_plots/rea_plot_20250603_130000.png
2025-06-03 14:00:00,16.9,1000.9,0.9,25.6,10,26.25,4.1,27.1,1000.160075,1028.983814,-0.05769369876,1,0.842720477,1,0.03304385849,0.6425,Compound anomaly,"Sample Anomaly Label: Compound anomaly

The model's baseline normality score is **12.70**. For this event, the score is **5.30**. This suggests it's **more unusual than normal** üö®.

**Why did it happen?** ü§î
Here's how features influenced the normality score:
- Features that increased the normality score (made it seem more normal) :

  ‚Ä¢ **temperature_2m_z** = 0.69 (contribution: +0.11)

- Features that decreased the normality score (made it seem more anomalous) :

  ‚Ä¢ **precip_z_24h** = 641853.89 (contribution: -2.62)
  ‚Ä¢ **precip_z_12h** = 641853.89 (contribution: -2.45)
  ‚Ä¢ **wind_r** = 2.06 (contribution: -1.63)

**What should we do?** ‚úÖ Review variables that decreased the normality score. Validate against known events or investigate further if unexpected.",/content/drive/MyDrive/Data Science Group Project/XAI outputs for dashboard/SHAP_plots/shap_plot_20250603_140000.png,"üîç **Anomaly Severity**: Potential weather anomaly (multiple detection methods agree)

‚ö†Ô∏è The model flagged this sample as **anomalous** based on unusual reconstruction behavior.

üìå **What this means:**
This time window exhibited deviations from typical weather patterns, which may indicate unexpected events or data irregularities.

üõ†Ô∏è **Recommended action:** Consider reviewing operational context (e.g., weather warnings, sudden shifts in conditions) for this period.",/content/drive/MyDrive/Data Science Group Project/XAI outputs for dashboard/REA_plots/rea_plot_20250603_140000.png
2025-06-03 15:00:00,17.7,1000.9,0.9,23.4,10,26.25,4.1,27.1,1000.160075,1028.983814,-0.05363200742,1,0.8325184365,1,0.03304385849,0.6425,Compound anomaly,"Sample Anomaly Label: Compound anomaly

The model's baseline normality score is **12.70**. For this event, the score is **5.39**. This suggests it's **more unusual than normal** üö®.

**Why did it happen?** ü§î
Here's how features influenced the normality score:
- Features that increased the normality score (made it seem more normal) :

  ‚Ä¢ **temperature_2m_z** = 0.86 (contribution: +0.04)

- Features that decreased the normality score (made it seem more anomalous) :

  ‚Ä¢ **precip_z_24h** = 641853.89 (contribution: -2.74)
  ‚Ä¢ **precip_z_12h** = 641853.89 (contribution: -2.43)
  ‚Ä¢ **wind_r** = 1.89 (contribution: -1.37)

**What should we do?** ‚úÖ Review variables that decreased the normality score. Validate against known events or investigate further if unexpected.",/content/drive/MyDrive/Data Science Group Project/XAI outputs for dashboard/SHAP_plots/shap_plot_20250603_150000.png,"üîç **Anomaly Severity**: Potential weather anomaly (multiple detection methods agree)

‚ö†Ô∏è The model flagged this sample as **anomalous** based on unusual reconstruction behavior.

üìå **What this means:**
This time window exhibited deviations from typical weather patterns, which may indicate unexpected events or data irregularities.

üõ†Ô∏è **Recommended action:** Consider reviewing operational context (e.g., weather warnings, sudden shifts in conditions) for this period.",/content/drive/MyDrive/Data Science Group Project/XAI outputs for dashboard/REA_plots/rea_plot_20250603_150000.png
2025-06-03 16:00:00,18.4,1000.8,0.9,22,10,26.25,4.1,27.1,1000.160075,1028.983814,-0.04680090226,1,0.8225135013,1,0.03304385849,0.6425,Compound anomaly,"Sample Anomaly Label: Compound anomaly

The model's baseline normality score is **12.70**. For this event, the score is **5.54**. This suggests it's **more unusual than normal** üö®.

**Why did it happen?** ü§î
Here's how features influenced the normality score:
- No features increased the normality score.

- Features that decreased the normality score (made it seem more anomalous) :

  ‚Ä¢ **precip_z_24h** = 641853.89 (contribution: -2.86)
  ‚Ä¢ **precip_z_12h** = 641853.89 (contribution: -2.45)
  ‚Ä¢ **wind_r** = 1.67 (contribution: -1.02)

**What should we do?** ‚úÖ Review variables that decreased the normality score. Validate against known events or investigate further if unexpected.",/content/drive/MyDrive/Data Science Group Project/XAI outputs for dashboard/SHAP_plots/shap_plot_20250603_160000.png,"üîç **Anomaly Severity**: Potential weather anomaly (multiple detection methods agree)

‚ö†Ô∏è The model flagged this sample as **anomalous** based on unusual reconstruction behavior.

üìå **What this means:**
This time window exhibited deviations from typical weather patterns, which may indicate unexpected events or data irregularities.

üõ†Ô∏è **Recommended action:** Consider reviewing operational context (e.g., weather warnings, sudden shifts in conditions) for this period.",/content/drive/MyDrive/Data Science Group Project/XAI outputs for dashboard/REA_plots/rea_plot_20250603_160000.png